部番,階層,数量
YD60000441,0,
├─ YD40000441S,1,1
│  └─ YD40000608,2,1
│     ├─ YD40000608-06,3,1
│     ├─ YD40000608H,3,1
│     │  ├─ YD40000607,4,1
│     │  │  ├─ YD40000607-01,5,1
│     │  │  └─ YD40000607-00,5,1
│     │  ├─ YD40000608-01B,4,1
│     │  ├─ YD40000608-00SUB,4,1
│     │  │  ├─ YD40000608-00B,5,1
│     │  │  ├─ YD40000608-13,5,2
│     │  │  ├─ 4615712,5,1
│     │  │  ├─ YD40000608-02,5,1
│     │  │  ├─ YD40000608-05,5,1
│     │  │  ├─ YD40000608-15,5,1
│     │  │  └─ 4273198,5,1
│     │  ├─ YD40000608-10B,4,1
│     │  ├─ 9733476S,4,2
│     │  │  ├─ 9733476,5,1
│     │  │  └─ 4222008,5,1
│     │  ├─ 4137294,4,4
│     │  └─ 4446513,4,2
│     ├─ 8093111,3,1
│     ├─ 4446513,3,1
│     ├─ YD40000608-04S,3,1
│     ├─ YD40000608-20S,3,1
│     ├─ 4720208,3,1
│     └─ YD40000608-16B,3,1
├─ Z449558,1,2
├─ YD40000608,1,1
├─ M10X16,1,2
├─ J271025,1,6
├─ HJ260820990,1,4
├─ HA885004,1,1
├─ HA810160,1,1
├─ 89980002449,1,2
├─ 89980002179,1,1
├─ 89980002175,1,1
├─ 89980002165,1,1
├─ 4621929,1,1
├─ 4094438,1,1
├─ 4094439,1,1
├─ 4129280,1,1
├─ 4667855,1,1
├─ 8091858,1,1
├─ A852333,1,3
├─ A852332,1,2
└─ YD40000606,1,1
