,,2025/12/9(火）,,,2025/12/10(火）,,,2025/12/11(火）,,,2025/12/12(火）,,,2025/12/13(火）,,,2025/12/14(火）,,,2025/12/15(火）,,,2025/12/16(火）,,
品番,,需要,実績,在庫,需要,実績,在庫,需要,実績,在庫,需要,実績,在庫,需要,実績,在庫,需要,実績,在庫,需要,実績,在庫,需要,実績,在庫
品名,,計画,計画在庫,,計画,計画在庫,,計画,計画在庫,,計画,計画在庫,,計画,計画在庫,,計画,計画在庫,,計画,計画在庫,,計画,計画在庫,
説明：,,,,,,,,,,,,,,,,,,,,,,,,,
品番：選択されたラインの加工製品コード,,,,,,,,,,,,,,,,,,,,,,,,,
品名；選択されたラインの加工製品名,,,,,,,,,,,,,,,,,,,,,,,,,
需要：前ラインの計画による需要,,,,,,,,,,,,,,,,,,,,,,,,,
実績；加工した当該製品の実績,,,,,,,,,,,,,,,,,,,,,,,,,
計画在庫；このラインの計画を持って計算した在庫,,,,,,,,,,,,,,,,,,,,,,,,,
在庫；実績を持って計算した在庫,,,,,,,,,,,,,,,,,,,,,,,,,
