データＮＯ,工場,取引先,日程ライン圧縮,計算日,生産完了日,工場（変更対応）,品区,品番,A/C,加工内容,品名,納入場所,箱種,収容数,まとめ区分,形態区分,検査区分,手配区分,定期補充区分,リードタイム,定点日数,出荷工場,取引先品番,レコード識別,スタート月度,初月度（指示）数合計,初月度(指示日/指示数)1,初月度(指示日/指示数)2,初月度(指示日/指示数)3,初月度(指示日/指示数)4,初月度(指示日/指示数)5,初月度(指示日/指示数)6,初月度(指示日/指示数)7,初月度(指示日/指示数)8,初月度(指示日/指示数)9,初月度(指示日/指示数)10,初月度(指示日/指示数)11,初月度(指示日/指示数)12,初月度(指示日/指示数)13,初月度(指示日/指示数)14,初月度(指示日/指示数)15,初月度(指示日/指示数)16,初月度(指示日/指示数)17,初月度(指示日/指示数)18,初月度(指示日/指示数)19,初月度(指示日/指示数)20,初月度(指示日/指示数)21,初月度(指示日/指示数)22,初月度(指示日/指示数)23,初月度(指示日/指示数)24,初月度(指示日/指示数)25,初月度(指示日/指示数)26,初月度(指示日/指示数)27,初月度(指示日/指示数)28,初月度(指示日/指示数)29,初月度(指示日/指示数)30,初月度(指示日/指示数)31,次月度(指示）数合計,次月度(指示日/指示数）1,次月度(指示日/指示数）2,次月度(指示日/指示数）3,次月度(指示日/指示数）4,次月度(指示日/指示数）5,次月度(指示日/指示数）6,次月度(指示日/指示数）7,次月度(指示日/指示数）8,次月度(指示日/指示数）9,次月度(指示日/指示数）10,次月度(指示日/指示数）11,次月度(指示日/指示数）12,次月度(指示日/指示数）13,次月度(指示日/指示数）14,次月度(指示日/指示数）15,次月度(指示日/指示数）16,次月度(指示日/指示数）17,次月度(指示日/指示数）18,次月度(指示日/指示数）19,次月度(指示日/指示数）20,次月度(指示日/指示数）21,次月度(指示日/指示数）22,次月度(指示日/指示数）23,次月度(指示日/指示数）24,次月度(指示日/指示数）25,次月度(指示日/指示数）26,次月度(指示日/指示数）27,次月度(指示日/指示数）28,次月度(指示日/指示数）29,次月度(指示日/指示数）30,次月度(指示日/指示数）31,次々月度(指示)数合計,次々月度(指示日/指示数）1,次々月度(指示日/指示数）2,次々月度(指示日/指示数）3,次々月度(指示日/指示数）4,次々月度(指示日/指示数）5,次々月度(指示日/指示数）6,次々月度(指示日/指示数）7,次々月度(指示日/指示数）8,次々月度(指示日/指示数）9,次々月度(指示日/指示数）10,次々月度(指示日/指示数）11,次々月度(指示日/指示数）12,次々月度(指示日/指示数）13,次々月度(指示日/指示数）14,次々月度(指示日/指示数）15,次々月度(指示日/指示数）16,次々月度(指示日/指示数）17,次々月度(指示日/指示数）18,次々月度(指示日/指示数）19,次々月度(指示日/指示数）20,次々月度(指示日/指示数）21,次々月度(指示日/指示数）22,次々月度(指示日/指示数）23,次々月度(指示日/指示数）24,次々月度(指示日/指示数）25,次々月度(指示日/指示数）26,次々月度(指示日/指示数）27,次々月度(指示日/指示数）28,次々月度(指示日/指示数）29,次々月度(指示日/指示数）30,次々月度(指示日/指示数）31,購買組織,品目グループ,加工区分,在庫転送区分,余白1
36,21,31499,,251203,,,1,V053143521,130,,ﾌﾞﾗｹﾂﾄ(ﾌｱﾝ),5476,W1,8,,,N,,0,0,0,,,V2,2512,,51201,51202,51203,51204,51205,51206,51207,51208,51209,51210,51211,51212,51213,51214,51215,51216,51217,51218,51219,51220,51221,51222,51223,51224,51225,51226,51227,51228,51229,51230,51231,,60101,60102,60103,60104,60105,60106,60107,60108,60109,60110,60111,60112,60113,60114,60115,60116,60117,60118,60119,60120,60121,60122,60123,60124,60125,60126,60127,60128,60129,60130,60131,,60201,60202,60203,60204,60205,60206,60207,60208,60209,60210,60211,60212,60213,60214,60215,60216,60217,60218,60219,60220,60221,60222,60223,60224,60225,60226,60227,60228,,,,AA01,A011,10,0,
36,21,31499,,251203,,,1,V053143521,130,,ﾌﾞﾗｹﾂﾄ(ﾌｱﾝ),5476,W1,8,,,N,,0,0,0,,,V3,2512,1120,72,56,64,56,56,0,0,72,56,64,56,48,0,0,64,56,56,56,24,0,0,56,48,56,48,56,0,0,0,0,0,1008,0,0,0,0,48,56,48,56,48,0,0,0,56,48,56,48,0,0,48,56,48,56,48,0,0,64,64,56,48,56,0,1096,0,64,64,48,56,48,0,0,64,72,48,56,40,0,0,48,56,48,56,64,0,0,0,72,64,64,64,0,0,0,0,AA01,A011,10,0,
36,21,31499,,251203,,,1,V053143615,130,,ｽﾃ-(ﾗｼﾞｴ-ﾀ),5476,W2,3,,,N,,0,0,0,,,V2,2512,,51201,51202,51203,51204,51205,51206,51207,51208,51209,51210,51211,51212,51213,51214,51215,51216,51217,51218,51219,51220,51221,51222,51223,51224,51225,51226,51227,51228,51229,51230,51231,,60101,60102,60103,60104,60105,60106,60107,60108,60109,60110,60111,60112,60113,60114,60115,60116,60117,60118,60119,60120,60121,60122,60123,60124,60125,60126,60127,60128,60129,60130,60131,,60201,60202,60203,60204,60205,60206,60207,60208,60209,60210,60211,60212,60213,60214,60215,60216,60217,60218,60219,60220,60221,60222,60223,60224,60225,60226,60227,60228,,,,AA01,A011,10,0,
36,21,31499,,251203,,,1,V053143615,130,,ｽﾃ-(ﾗｼﾞｴ-ﾀ),5476,W2,3,,,N,,0,0,0,,,V3,2512,1119,72,60,57,57,57,0,0,75,57,57,60,51,0,0,57,60,57,57,27,0,0,51,51,51,51,54,0,0,0,0,0,1005,0,0,0,0,51,51,54,51,51,0,0,0,54,51,54,45,0,0,54,51,51,54,51,0,0,63,63,54,51,51,0,1098,0,66,66,51,51,54,0,0,63,66,51,54,42,0,0,51,54,51,51,69,0,0,0,69,66,63,60,0,0,0,0,AA01,A011,10,0,
36,21,31499,,251203,,,1,V053103705,130,,"ﾌﾚ-ﾑ,ｺﾝﾌﾟ(ﾌﾛﾝﾄ)",ZGHC,SP,3,,,NS,,0,0,0,,,V2,2512,,51201,51202,51203,51204,51205,51206,51207,51208,51209,51210,51211,51212,51213,51214,51215,51216,51217,51218,51219,51220,51221,51222,51223,51224,51225,51226,51227,51228,51229,51230,51231,,60101,60102,60103,60104,60105,60106,60107,60108,60109,60110,60111,60112,60113,60114,60115,60116,60117,60118,60119,60120,60121,60122,60123,60124,60125,60126,60127,60128,60129,60130,60131,,60201,60202,60203,60204,60205,60206,60207,60208,60209,60210,60211,60212,60213,60214,60215,60216,60217,60218,60219,60220,60221,60222,60223,60224,60225,60226,60227,60228,,,,AA01,A011,10,0,
36,21,31499,,251203,,,1,V053103705,130,,"ﾌﾚ-ﾑ,ｺﾝﾌﾟ(ﾌﾛﾝﾄ)",ZGHC,SP,3,,,NS,,0,0,0,,,V3,2512,42,0,3,3,0,0,0,0,3,0,3,3,3,0,0,3,3,3,3,6,0,0,3,0,0,3,0,0,0,0,0,0,36,0,0,0,0,3,3,0,3,0,0,0,0,3,0,0,3,0,0,0,3,0,3,6,0,0,6,0,0,0,3,0,54,0,0,3,0,0,3,0,0,0,0,0,0,0,0,0,0,3,0,6,6,0,0,0,9,6,9,9,0,0,0,0,AA01,A011,10,0,
36,21,31499,,251203,,,1,V053104642,130,,"ｶﾊﾞ-,ｺﾝﾌﾟ(ｴｱｺﾝ)",ZGHC,SP,8,,,N,,0,0,0,,,V2,2512,,51201,51202,51203,51204,51205,51206,51207,51208,51209,51210,51211,51212,51213,51214,51215,51216,51217,51218,51219,51220,51221,51222,51223,51224,51225,51226,51227,51228,51229,51230,51231,,60101,60102,60103,60104,60105,60106,60107,60108,60109,60110,60111,60112,60113,60114,60115,60116,60117,60118,60119,60120,60121,60122,60123,60124,60125,60126,60127,60128,60129,60130,60131,,60201,60202,60203,60204,60205,60206,60207,60208,60209,60210,60211,60212,60213,60214,60215,60216,60217,60218,60219,60220,60221,60222,60223,60224,60225,60226,60227,60228,,,,AA01,A011,10,0,
36,21,31499,,251203,,,1,V053104642,130,,"ｶﾊﾞ-,ｺﾝﾌﾟ(ｴｱｺﾝ)",ZGHC,SP,8,,,N,,0,0,0,,,V3,2512,120,56,64,0,0,0,0,0,0,0,0,0,0,0,0,0,0,0,0,0,0,0,0,0,0,0,0,0,0,0,0,0,0,0,0,0,0,0,0,0,0,0,0,0,0,0,0,0,0,0,0,0,0,0,0,0,0,0,0,0,0,0,0,0,0,0,0,0,0,0,0,0,0,0,0,0,0,0,0,0,0,0,0,0,0,0,0,0,0,0,0,0,0,0,0,0,AA01,A011,10,0,
36,21,31499,,251203,,,1,V053504641,130,,"ｶﾊﾞ-,ｺﾝﾌﾟ(ｴｱｺﾝ)",ZGHC,SP,8,,,$,,0,0,0,,,V2,2512,,51201,51202,51203,51204,51205,51206,51207,51208,51209,51210,51211,51212,51213,51214,51215,51216,51217,51218,51219,51220,51221,51222,51223,51224,51225,51226,51227,51228,51229,51230,51231,,60101,60102,60103,60104,60105,60106,60107,60108,60109,60110,60111,60112,60113,60114,60115,60116,60117,60118,60119,60120,60121,60122,60123,60124,60125,60126,60127,60128,60129,60130,60131,,60201,60202,60203,60204,60205,60206,60207,60208,60209,60210,60211,60212,60213,60214,60215,60216,60217,60218,60219,60220,60221,60222,60223,60224,60225,60226,60227,60228,,,,AA01,A011,10,0,
36,21,31499,,251203,,,1,V053504641,130,,"ｶﾊﾞ-,ｺﾝﾌﾟ(ｴｱｺﾝ)",ZGHC,SP,8,,,N,,0,0,0,,,V2,2512,,51201,51202,51203,51204,51205,51206,51207,51208,51209,51210,51211,51212,51213,51214,51215,51216,51217,51218,51219,51220,51221,51222,51223,51224,51225,51226,51227,51228,51229,51230,51231,,60101,60102,60103,60104,60105,60106,60107,60108,60109,60110,60111,60112,60113,60114,60115,60116,60117,60118,60119,60120,60121,60122,60123,60124,60125,60126,60127,60128,60129,60130,60131,,60201,60202,60203,60204,60205,60206,60207,60208,60209,60210,60211,60212,60213,60214,60215,60216,60217,60218,60219,60220,60221,60222,60223,60224,60225,60226,60227,60228,,,,AA01,A011,10,0,
36,21,31499,,251203,,,1,V053504641,130,,"ｶﾊﾞ-,ｺﾝﾌﾟ(ｴｱｺﾝ)",ZGHC,SP,8,,,$,,0,0,0,,,V3,2512,360,0,0,56,56,56,0,0,56,72,64,0,0,0,0,0,0,0,0,0,0,0,0,0,0,0,0,0,0,0,0,0,0,0,0,0,0,0,0,0,0,0,0,0,0,0,0,0,0,0,0,0,0,0,0,0,0,0,0,0,0,0,0,0,0,0,0,0,0,0,0,0,0,0,0,0,0,0,0,0,0,0,0,0,0,0,0,0,0,0,0,0,0,0,0,0,AA01,A011,10,0,
36,21,31499,,251203,,,1,V053504641,130,,"ｶﾊﾞ-,ｺﾝﾌﾟ(ｴｱｺﾝ)",ZGHC,SP,8,,,N,,0,0,0,,,V3,2512,600,0,0,0,0,0,0,0,0,0,0,48,56,0,0,48,56,56,56,56,0,0,24,48,48,56,48,0,0,0,0,0,984,0,0,0,0,56,48,48,56,48,0,0,0,56,48,48,56,0,0,48,48,48,56,40,0,0,48,64,64,56,48,0,1047,0,48,64,64,56,48,0,0,48,64,64,56,48,0,0,48,48,48,48,64,0,0,0,56,64,56,55,0,0,0,0,AA01,A011,10,0,
36,21,31499,,251203,,,1,V053904703,130,,"ﾌﾚ-ﾑ,ｺﾝﾌﾟ(ﾌﾛﾝﾄ)",ZGHC,SP,3,,,NS,,0,0,0,,,V2,2512,,51201,51202,51203,51204,51205,51206,51207,51208,51209,51210,51211,51212,51213,51214,51215,51216,51217,51218,51219,51220,51221,51222,51223,51224,51225,51226,51227,51228,51229,51230,51231,,60101,60102,60103,60104,60105,60106,60107,60108,60109,60110,60111,60112,60113,60114,60115,60116,60117,60118,60119,60120,60121,60122,60123,60124,60125,60126,60127,60128,60129,60130,60131,,60201,60202,60203,60204,60205,60206,60207,60208,60209,60210,60211,60212,60213,60214,60215,60216,60217,60218,60219,60220,60221,60222,60223,60224,60225,60226,60227,60228,,,,AA01,A011,10,0,
36,21,31499,,251203,,,1,V053904703,130,,"ﾌﾚ-ﾑ,ｺﾝﾌﾟ(ﾌﾛﾝﾄ)",ZGHC,SP,3,,,NS,,0,0,0,,,V3,2512,1098,57,51,51,84,57,0,0,57,57,75,57,54,0,0,54,51,54,54,57,0,0,51,24,51,51,51,0,0,0,0,0,984,0,0,0,0,54,51,48,51,54,0,0,0,51,51,51,51,0,0,51,45,51,51,51,0,0,45,48,63,63,54,0,1043,0,51,51,63,63,51,0,0,51,51,63,66,51,0,0,54,42,51,51,45,0,0,0,60,60,60,59,0,0,0,0,AA01,A011,10,0,
36,21,31499,,251203,,,1,V065103703,130,,"ﾌﾚ-ﾑ,ｺﾝﾌﾟ(ﾌﾛﾝﾄ)",ZGHC,SP,3,,,NS,,0,0,0,,,V2,2512,,51201,51202,51203,51204,51205,51206,51207,51208,51209,51210,51211,51212,51213,51214,51215,51216,51217,51218,51219,51220,51221,51222,51223,51224,51225,51226,51227,51228,51229,51230,51231,,60101,60102,60103,60104,60105,60106,60107,60108,60109,60110,60111,60112,60113,60114,60115,60116,60117,60118,60119,60120,60121,60122,60123,60124,60125,60126,60127,60128,60129,60130,60131,,60201,60202,60203,60204,60205,60206,60207,60208,60209,60210,60211,60212,60213,60214,60215,60216,60217,60218,60219,60220,60221,60222,60223,60224,60225,60226,60227,60228,,,,AA01,A011,10,0,
36,21,31499,,251203,,,1,V065103703,130,,"ﾌﾚ-ﾑ,ｺﾝﾌﾟ(ﾌﾛﾝﾄ)",ZGHC,SP,3,,,NS,,0,0,0,,,V3,2512,72,6,3,6,3,6,0,0,3,6,3,3,3,0,0,0,3,3,3,0,0,0,0,6,3,6,6,0,0,0,0,0,78,0,0,0,0,3,3,6,3,6,0,0,0,3,6,6,3,0,0,3,3,6,3,0,0,0,0,6,6,6,6,0,93,0,6,3,6,6,6,0,0,3,6,9,6,6,0,0,3,6,3,0,0,0,0,0,6,6,6,6,0,0,0,0,AA01,A011,10,0,
36,21,31499,,251203,,,1,V065104642,130,,"ｶﾊﾞ-,ｺﾝﾌﾟ(ｴｱｺﾝ)",ZGHC,SP,8,,,N,,0,0,0,,,V2,2512,,51201,51202,51203,51204,51205,51206,51207,51208,51209,51210,51211,51212,51213,51214,51215,51216,51217,51218,51219,51220,51221,51222,51223,51224,51225,51226,51227,51228,51229,51230,51231,,60101,60102,60103,60104,60105,60106,60107,60108,60109,60110,60111,60112,60113,60114,60115,60116,60117,60118,60119,60120,60121,60122,60123,60124,60125,60126,60127,60128,60129,60130,60131,,60201,60202,60203,60204,60205,60206,60207,60208,60209,60210,60211,60212,60213,60214,60215,60216,60217,60218,60219,60220,60221,60222,60223,60224,60225,60226,60227,60228,,,,AA01,A011,10,0,
36,21,31499,,251203,,,1,V065104642,130,,"ｶﾊﾞ-,ｺﾝﾌﾟ(ｴｱｺﾝ)",ZGHC,SP,8,,,N,,0,0,0,,,V3,2512,856,40,48,48,40,40,0,0,40,48,40,48,40,0,0,40,48,40,48,48,0,0,16,48,48,40,48,0,0,0,0,0,920,0,0,0,0,48,48,48,48,48,0,0,0,48,48,48,40,0,0,48,48,48,48,48,0,0,56,56,56,48,40,0,991,0,48,64,56,48,48,0,0,48,56,56,48,48,0,0,32,48,56,56,48,0,0,0,64,56,56,55,0,0,0,0,AA01,A011,10,0,
36,21,31499,,251203,,,1,V065104703,130,,"ﾌﾚ-ﾑ,ｺﾝﾌﾟ(ﾌﾛﾝﾄ)",ZGHC,SP,3,,,NS,,0,0,0,,,V2,2512,,51201,51202,51203,51204,51205,51206,51207,51208,51209,51210,51211,51212,51213,51214,51215,51216,51217,51218,51219,51220,51221,51222,51223,51224,51225,51226,51227,51228,51229,51230,51231,,60101,60102,60103,60104,60105,60106,60107,60108,60109,60110,60111,60112,60113,60114,60115,60116,60117,60118,60119,60120,60121,60122,60123,60124,60125,60126,60127,60128,60129,60130,60131,,60201,60202,60203,60204,60205,60206,60207,60208,60209,60210,60211,60212,60213,60214,60215,60216,60217,60218,60219,60220,60221,60222,60223,60224,60225,60226,60227,60228,,,,AA01,A011,10,0,
36,21,31499,,251203,,,1,V065104703,130,,"ﾌﾚ-ﾑ,ｺﾝﾌﾟ(ﾌﾛﾝﾄ)",ZGHC,SP,3,,,NS,,0,0,0,,,V3,2512,855,42,36,42,60,39,0,0,42,39,51,42,45,0,0,42,39,45,45,45,0,0,45,21,45,45,45,0,0,0,0,0,924,0,0,0,0,48,48,48,48,45,0,0,0,48,48,48,48,0,0,45,45,48,48,45,0,0,51,54,57,57,45,0,980,0,45,48,60,60,45,0,0,48,45,60,57,45,0,0,48,36,48,57,51,0,0,0,51,63,57,56,0,0,0,0,AA01,A011,10,0,
