ＮＯ,工場,取引先,注番,品区,品番,Ａ／Ｃ,加工内容,品名,資担,検区,契約サイン,箱種,納入場所,収容数,リードタイム,製番,空白,納入指示日,納入指示数,生産完了日,発行日,メーカー先品番,出荷工場,収容数７桁,納入指示数７桁,予備,,,,,,,
45,23,31499,75001818,1,RC79453291,130,   ,ﾌﾞﾗｹﾂﾄ(ﾊﾞﾂﾃﾘ)       ,857,N ,*,MM   ,621,6,2,51230,          ,251212,6,251216,251202,             ,   ,6,6,                                                                                                         ,,,,,,,
45,23,31499,75005454,1,RD18804601,130,   ,ｶﾊﾞ-(S-60)          ,857,N ,*,TP331,233,5,3,51230,          ,251211,25,251216,251202,             ,   ,5,25,                                                                                                         ,,,,,,,
45,23,31499,75005512,1,RD18804661,130,   ,ｶﾊﾞ-(S-66)          ,857,N ,*,TP331,233,10,3,51230,          ,251211,30,251216,251202,             ,   ,10,30,                                                                                                         ,,,,,,,
45,23,31499,75005884,1,RD18841262,130,   ,"ﾌﾟﾚ-ﾄ(2,ｼｷﾘ,LH)     ",857,N ,*,37N-2,367,10,2,51230,          ,251212,30,251216,251202,             ,   ,10,30,                                                                                                         ,,,,,,,
№,工場,取引先,注番,品区,品番,A/C,加工,発注単,発注数,品名,材質名,納場所,納場名,検区,新発ｻ,製番,発担,資担,注文単,注文金,粗材単,加工単,納期,指示数,特記,発行日,条件,A区分,出工場,メ品番,箱種,収容数,余白
47,23,31499,75005512,1,RD18804661,130,   ,   ,30,ｶﾊﾞ-(S-66)          ,SS400       ,233,ﾊﾞﾝﾃｯｸｻﾞｲｺｸｷﾞﾘLT3   ,N , ,51230,1,857,305.64,9169,0,0,    ,30,                    ,251202, ,  ,   ,             ,TP331,10,0
47,23,31499,75005884,1,RD18841262,130,   ,   ,30,"ﾌﾟﾚ-ﾄ(2,ｼｷﾘ,LH)     ",SPHC-P*ETC  ,367,SH1 MBｱｰﾁ LT2       ,N , ,51230,1,857,1482.52,44476,0,0,    ,30,                    ,251202, ,  ,   ,             ,37N-2,10,0
47,23,31499,75001818,1,RC79453291,130,   ,   ,6,ﾌﾞﾗｹﾂﾄ(ﾊﾞﾂﾃﾘ)       ,SPHC-P*ETC  ,621,JﾄｳMBｸﾐﾀﾃﾌﾞﾋﾝLT2 A  ,N , ,51230,1,857,3429.37,20576,0,0,    ,6,                    ,251202, ,  ,   ,             ,MM   ,6,0
47,23,31499,75005454,1,RD18804601,130,   ,   ,25,ｶﾊﾞ-(S-60)          ,SS400       ,233,ﾊﾞﾝﾃｯｸｻﾞｲｺｸｷﾞﾘLT3   ,N , ,51230,1,857,542.98,13575,0,0,    ,25,                    ,251202, ,  ,   ,             ,TP331,5,0
