得意先CD,得意先名,品番,品名規格,品名材質,部品番号,構成品番,品番区分名,材料単位名,積算親数,積算自数,積算LT,加工区分名,加工先名,材料費,加工費,償却費,管理費,その他費,合計単価,仕入単価,支給単価,原価合計
1,株式会社日立建機ティエラ,YD60003386,ﾀﾝｸ;ｵｲﾙ ｷﾞｿｳ,,17U-5(291),YD60003386,集合部品,,1,1,2,板金,水没洗浄工程（ｵｲﾙﾀﾝｸ）,0,0,0,0,0,0.01,,,0.01
1,株式会社日立建機ティエラ,YD60003386,ﾀﾝｸ;ｵｲﾙ ｷﾞｿｳ,,17U-5(291),YD60003386,集合部品,,1,1,2,板金,オイルタンク小組,0,0,0,0,0,651,,,651
1,株式会社日立建機ティエラ,YD60003386,ﾀﾝｸ;ｵｲﾙ ｾｲｶﾝ,,291 17U-5,■YD40002386,集合部品,,1,1,2,板金,ＷＭ－０５２　オイルタンクライン,0,0,0,0,0,2353,,,2353
1,株式会社日立建機ティエラ,YD60003386,ﾀﾝｸ;ｵｲﾙ ｾｲｶﾝ,,291 17U-5,■YD40002386,集合部品,,1,1,2,板金,検査・仕上げ（タンク）,0,0,0,0,0,0,,,0
1,株式会社日立建機ティエラ,YD60003386,ﾀﾝｸ;ｵｲﾙ ｾｲｶﾝ,,291 17U-5,■YD40002386,集合部品,,1,1,2,板金,溶接検査工程（板金）,0,0,0,0,0,0,,,0
1,株式会社日立建機ティエラ,YD60003386,ﾀﾝｸ;ｵｲﾙ(ｾｲｶﾝ)SUB,,291,■■YD40002386SUB,集合部品,,1,1,3,板金,ＨＷ－００３　オイルタンク箱組,0,0,0,0,0,1633,,,1633
1,株式会社日立建機ティエラ,YD60003386,ﾀﾝｸ;ｵｲﾙSUB00,,291,■■■YD40002386-00SUB,集合部品,,1,1,4,板金,ＷＭ－０１４　ロボット溶接,0,0,0,0,0,9.8,,,9.8
1,株式会社日立建機ティエラ,YD60003386,ﾀﾝｸ;ｵｲﾙ,SPHC-P,YD40002386-00(291),■■■■YD40002386-00,単体部品,,1,1,7,プレス・レーザー・ブレーキ,レーザー加工２,0,168,0,0,0,168,,,168
1,株式会社日立建機ティエラ,YD60003386,ﾀﾝｸ;ｵｲﾙ,SPHC-P,YD40002386-00(291),■■■■YD40002386-00,単体部品,,1,1,6,板金,ＹＢ－００２　ブレーキ６０ｔ,0,70,0,0,0,70,,,70
1,株式会社日立建機ティエラ,YD60003386,HC2.3X1219X1219,,,■■■■■HC2.3X1219X1219,材料,,1,1,8,,名成鋼機株式会社,,,,,,,0,75,-75
1,株式会社日立建機ティエラ,YD60003386,M10XP1.5 ｱｼﾅｼNUT,,4137294,4137294,購入品,,1,2,7,,エトー株式会社,,,,,,,22,17,5
1,株式会社日立建機ティエラ,YD60003386,ﾀﾝｸ;ｵｲﾙSUB01,,291,■■■YD40002386-01SUB,集合部品,,1,1,5,板金,ＷＭ－０１４　ロボット溶接,0,0,0,0,0,0.01,,,0.01
1,株式会社日立建機ティエラ,YD60003386,ﾀﾝｸ;ｵｲﾙSUB01,,291,■■■YD40002386-01SUB,集合部品,,1,1,4,板金,検査・仕上げ（タンク）,0,0,0,0,0,0.01,,,0.01
1,株式会社日立建機ティエラ,YD60003386,ﾀﾝｸ;ｵｲﾙ,SPHC-P,YD40002386-01(291),■■■■YD40002386-01,単体部品,,1,1,8,プレス・レーザー・ブレーキ,レーザー加工２,0,175,0,0,0,175,,,175
1,株式会社日立建機ティエラ,YD60003386,ﾀﾝｸ;ｵｲﾙ,SPHC-P,YD40002386-01(291),■■■■YD40002386-01,単体部品,,1,1,7,板金,ＹＢ－００３　ブレーキ１２５ｔ,0,0,0,0,0,70,,,70
1,株式会社日立建機ティエラ,YD60003386,HC2.3X1219X1219,,,■■■■■HC2.3X1219X1219,材料,,1,1,9,,名成鋼機株式会社,,,,,,,0,75,-75
1,株式会社日立建機ティエラ,YD60003386,ｶｰﾄﾘｯｼﾞﾎﾙﾀﾞ,,291,■■■■YD40002386-04SUB,集合部品,,1,1,7,板金,ＷＭ－０１４　ロボット溶接,0,0,0,0,0,0.01,,,0.01
1,株式会社日立建機ティエラ,YD60003386,ｶｰﾄﾘｯｼﾞﾎﾙﾀﾞ,,291,■■■■YD40002386-04SUB,集合部品,,1,1,7,板金,検査・仕上げ（タンク）,0,0,0,0,0,0.1,,,0.1
1,株式会社日立建機ティエラ,YD60003386,◆外作◆（ﾀﾝｸ）,,ﾊﾟｲﾌﾟ 17U/19-6/19-6EN,■■■■■YD40002386-04,購入品,,1,1,9,,東鋼管工業株式会社,,,,,,,562.35,0,562.35
1,株式会社日立建機ティエラ,YD60003386,ｶｰﾄﾘｯｼﾞﾎﾙﾀﾞﾎﾞﾄﾑ,,6Mｵｲﾙﾀﾝｸ,■■■■■6026280-03,単体部品,,1,1,10,プレス・レーザー・ブレーキ,レーザー加工２,0,0,0,0,0,14,,,14
1,株式会社日立建機ティエラ,YD60003386,HC2.3X1219X1219,,,■■■■■■HC2.3X1219X1219,材料,,1,1,13,,名成鋼機株式会社,,,,,,,0,75,-75
1,株式会社日立建機ティエラ,YD60003386,◆外作◆（ﾀﾝｸ）　TP34X2.3X40,,ﾌｨﾙﾀEXﾊﾟｲﾌﾟ=YD40002386-06,■■■■■6026280-04,購入品,,1,1,10,,東鋼管工業株式会社,,,,,,,33.39,0,33.39
1,株式会社日立建機ティエラ,YD60003386,◆外作◆（ﾀﾝｸ）　TP34X4.0X52,STKM11A,ｱﾀﾞﾌﾟﾀ:ﾘﾀｰﾝ 17Uﾀﾝｸ(1ｺ ｼﾖｳ,■■■■■YD40002386-18,購入品,,1,1,9,,東鋼管工業株式会社,,,,,,,83.4,0,83.4
1,株式会社日立建機ティエラ,YD60003386,ﾄﾞﾚｲﾝ,,6026280-09,4048260,購入品,,1,1,5,,旭ゴム株式会社,,,,,,,108,0,108
1,株式会社日立建機ティエラ,YD60003386,ｼｰﾄ;ｽｸﾘｭ TP2H,,6026280-19,4643368,購入品,,1,2,5,,旭ゴム株式会社,,,,,,,756,0,756
1,株式会社日立建機ティエラ,YD60003386,ﾌﾞﾗｹｯﾄ,,291,■■■YD40002386-30SUB,集合部品,,1,1,4,板金,板金ＳＰＯＴ工程,0,0,0,0,0,9.8,,,9.8
1,株式会社日立建機ティエラ,YD60003386,ﾌﾞﾗｹｯﾄ,SPHC-P,YD40002386-30(291),■■■■YD40002386-30,単体部品,,1,1,8,プレス・レーザー・ブレーキ,レーザー加工１,0,42,0,0,0,42,,,42
1,株式会社日立建機ティエラ,YD60003386,ﾌﾞﾗｹｯﾄ,SPHC-P,YD40002386-30(291),■■■■YD40002386-30,単体部品,,1,1,7,板金,ＹＢ－００２　ブレーキ６０ｔ,0,0,0,0,0,35,,,35
1,株式会社日立建機ティエラ,YD60003386,HC3.2X1219X1219,,,■■■■■HC3.2X1219X1219,材料,,1,1,9,,名成鋼機株式会社,,,,,,,0,73,-73
1,株式会社日立建機ティエラ,YD60003386,ｳｪﾙﾄﾞﾅｯﾄ,,M10,■■■■14X8X10,購入品,,1,2,8,,藤田螺子工業株式会社,,,,,,,3.88,0,3.88
1,株式会社日立建機ティエラ,YD60003386,ﾌﾟﾚｰﾄ,SS400,YD60003386 (291),■■YD40002386-02,集合部品,,1,1,3,外作,有限会社ホウダテクニカル,0,0,0,0,0,70,,,70
1,株式会社日立建機ティエラ,YD60003386,SS400 t4.5x1219x1219,SS400,,■■■SS4.5X1219X1219,材料,,1,1,4,,名成鋼機株式会社,,,,,,,0,0,0
1,株式会社日立建機ティエラ,YD60003386,ｶｰﾄﾘｯｼﾞﾄｯﾌﾟﾌﾗﾝｼﾞ,,6026280-25,4684873,購入品,,1,1,4,,旭ゴム株式会社,,,,,,,1448,0,1448
1,株式会社日立建機ティエラ,YD60003386,ﾌﾟﾚｰﾄ T-17-5,SS400,ZX17U-5 ｵｲﾙﾀﾝｸ,■■YD40002386-08,単体部品,,1,1,3,外作,株式会社三原金属工業,0,0,0,0,0,119,,,119
1,株式会社日立建機ティエラ,YD60003386,SS400 t6.0x1219x1219,SS400,,■■■SS6X1219X1219,材料,,1,1,3,,名成鋼機株式会社,,,,,,,0,0,0
1,株式会社日立建機ティエラ,YD60003386,ﾌﾟﾚｰﾄ,SS400,YD60003386 (291),■■YD40002386-09,単体部品,,1,1,3,外作,有限会社ホウダテクニカル,0,0,0,0,0,61,,,61
1,株式会社日立建機ティエラ,YD60003386,SS400 t4.5x1219x1219,SS400,,■■■SS4.5X1219X1219,材料,,1,1,4,,名成鋼機株式会社,,,,,,,0,0,0
1,株式会社日立建機ティエラ,YD60003386,ﾌﾞﾗｹｯﾄ SUB,,291,■■YD40002386-10SUB,集合部品,,1,1,3,板金,ＨＷ－００３　オイルタンク箱組,0,0,0,0,0,11.2,,,11.2
1,株式会社日立建機ティエラ,YD60003386,ﾌﾟﾚｰﾄ,SS400,YD60003386 (291),■■■YD40002386-10,単体部品,,1,1,4,外作,有限会社ホウダテクニカル,0,0,0,0,0,72,,,72
1,株式会社日立建機ティエラ,YD60003386,ﾌﾟﾚｰﾄ,SS400,YD60003386 (291),■■■YD40002386-10,単体部品,,1,1,4,外作,有限会社ホウダテクニカル,0,0,0,0,0,0,,,0
1,株式会社日立建機ティエラ,YD60003386,SS400 t4.5x1219x1219,SS400,,■■■■SS4.5X1219X1219,材料,,1,1,5,,名成鋼機株式会社,,,,,,,0,0,0
1,株式会社日立建機ティエラ,YD60003386,M10XP1.5 ｱｼﾅｼNUT,,4137294,4137294,購入品,,1,2,5,,エトー株式会社,,,,,,,22,17,5
1,株式会社日立建機ティエラ,YD60003386,ﾌﾞﾗｹｯﾄ T-17-5,SS400,ZX17U-5 ｵｲﾙﾀﾝｸ,■■YD40002386-11,単体部品,,1,1,3,外作,株式会社三原金属工業,0,0,0,0,0,91,,,91
1,株式会社日立建機ティエラ,YD60003386,ﾌﾞﾗｹｯﾄ T-17-5,SS400,ZX17U-5 ｵｲﾙﾀﾝｸ,■■YD40002386-11,単体部品,,1,1,3,外作,株式会社三原金属工業,0,0,0,0,0,0,,,0
1,株式会社日立建機ティエラ,YD60003386,SS400 t6.0x1219x1219,SS400,,■■■SS6X1219X1219,材料,,1,1,3,,名成鋼機株式会社,,,,,,,0,0,0
1,株式会社日立建機ティエラ,YD60003386,ﾌﾞﾗｹｯﾄ,SS400,YD60003386 (291),■■YD40002386-13,単体部品,,1,1,3,外作,有限会社ホウダテクニカル,0,0,0,0,0,38.8,,,38.8
1,株式会社日立建機ティエラ,YD60003386,ﾌﾞﾗｹｯﾄ,SS400,YD60003386 (291),■■YD40002386-13,単体部品,,1,1,3,外作,有限会社ホウダテクニカル,0,0,0,0,0,0,,,0
1,株式会社日立建機ティエラ,YD60003386,SS400 t4.5x1219x1219,SS400,,■■■SS4.5X1219X1219,材料,,1,1,4,,名成鋼機株式会社,,,,,,,0,0,0
1,株式会社日立建機ティエラ,YD60003386,ﾌﾞﾗｹｯﾄ SUB,,291,■■YD40002386-15SUB,集合部品,,1,1,3,外作,有限会社ホウダテクニカル,0,0,0,0,0,64,,,64
1,株式会社日立建機ティエラ,YD60003386,ﾌﾞﾗｹｯﾄ,SPHC-P,YD40002386-15(291),■■■YD40002386-15,単体部品,,1,1,3,外作,有限会社ホウダテクニカル,0,0,0,0,0,0,,,0
1,株式会社日立建機ティエラ,YD60003386,ﾌﾞﾗｹｯﾄ,SPHC-P,YD40002386-15(291),■■■YD40002386-15,単体部品,,1,1,3,外作,有限会社ホウダテクニカル,0,0,0,0,0,0,,,0
1,株式会社日立建機ティエラ,YD60003386,HC3.2X1219X1219,,,■■■■HC3.2X1219X1219,材料,,1,1,3,,名成鋼機株式会社,,,,,,,0,73,-73
1,株式会社日立建機ティエラ,YD60003386,ｳｪﾙﾄﾞﾅｯﾄ,,M10,■■■14X8X10,購入品,,1,1,4,,藤田螺子工業株式会社,,,,,,,1.94,0,1.94
1,株式会社日立建機ティエラ,YD60003386,ﾊﾟｲﾌﾟSUB COMP,,6026280-14/15/16,■■6026280-141516,集合部品,,1,1,3,,株式会社金剛製作所,0,0,0,0,0,790,,,790
1,株式会社日立建機ティエラ,YD60003386,ﾌｨﾗｰ XXX金剛製作所自達,,6026280-15,4266824,購入品,,1,1,9,,株式会社日立建機ティエラ,,,,,,,0,0,0
1,株式会社日立建機ティエラ,YD60003386,ｸﾗﾝﾌﾟ ﾕｳｼｮｳｼｷｭｳ,,ZX30UR/ZX40UR,4446513,購入品,,1,2,6,,株式会社日立建機ティエラ(有償支給),,,,,,,0,22,-22
1,株式会社日立建機ティエラ,YD60003386,EXﾌﾗﾝｼﾞ,,6026280-26,4684874,購入品,,1,1,4,,旭ゴム株式会社,,,,,,,946,0,946
1,株式会社日立建機ティエラ,YD60003386,ﾌﾞﾗｹｯﾄ SUB,,291,■■YD40002386-28SUB,集合部品,,1,1,3,板金,ＨＷ－００３　オイルタンク箱組,0,0,0,0,0,11.2,,,11.2
1,株式会社日立建機ティエラ,YD60003386,ﾌﾞﾗｹｯﾄ,SS400,YD60003386 (291),■■■YD40002386-28,単体部品,,1,1,5,外作,有限会社ホウダテクニカル,0,0,0,0,0,29.2,,,29.2
1,株式会社日立建機ティエラ,YD60003386,ﾌﾞﾗｹｯﾄ,SS400,YD60003386 (291),■■■YD40002386-28,単体部品,,1,1,4,プレス・レーザー・ブレーキ,ＹＢ－００３　ブレーキ１２５ｔ,0,0,0,0,0,17,,,17
1,株式会社日立建機ティエラ,YD60003386,SS400 t4.5x1219x1219,SS400,,■■■■SS4.5X1219X1219,材料,,1,1,6,,名成鋼機株式会社,,,,,,,0,0,0
1,株式会社日立建機ティエラ,YD60003386,M10XP1.5 ｱｼﾅｼNUT,,4137294,4137294,購入品,,1,2,5,,エトー株式会社,,,,,,,22,17,5
1,株式会社日立建機ティエラ,YD60003386,ﾊﾟｲﾌﾟ,TP25.4x1.6,291   (LT3 +0),■■YD40002386-29,購入品,,1,1,3,,コーケン工業株式会社,,,,,,,210,0,210
1,株式会社日立建機ティエラ,YD60003386,Oﾘﾝｸﾞ,,9289307,■HA810110990,購入品,,1,1,3,,旭ゴム株式会社,,,,,,,31,0,31
1,株式会社日立建機ティエラ,YD60003386,ｶﾊﾞｰ,,ZX17U-2/ZX17UNA-2/ZX14/16,■YD40003052,集合部品,,1,1,7,板金,ＷＭ－０１４　ロボット溶接,0,0,0,0,0,41,,,41
1,株式会社日立建機ティエラ,YD60003386,ｶﾊﾞｰ,,ZX17U-2/ZX17UNA-2/ZX14/16,■YD40003052,集合部品,,1,1,2,外作,トリックス株式会社,0,0,0,0,0,0,,,0
1,株式会社日立建機ティエラ,YD60003386,ﾌﾟﾚｰﾄ T,SPHC-P,ZX17U-2/ZX17UNA-2/ZX14/16,■■YD40003052-00,単体部品,,1,1,10,外作,株式会社三原金属工業,0,0,0,0,0,236,,,236
1,株式会社日立建機ティエラ,YD60003386,HC6X1219X1219,,,■■■HC6X1219X1219,材料,,1,1,10,,名成鋼機株式会社,,,,,,,0,75,-75
1,株式会社日立建機ティエラ,YD60003386,◆外作◆(ﾀﾝｸ)φ70Ｘ3.5Ｘ10,,ﾊﾟｲﾌﾟ:ｶﾊﾞｰ,■■8113793-01,購入品,,1,1,10,,東鋼管工業株式会社,,,,,,,102.21,0,102.21
1,株式会社日立建機ティエラ,YD60003386,ﾎﾞﾙﾄ;ｾﾑｽ XXXｼﾖｳｾｽﾞ,,9267909,■HJ260816990,購入品,,1,4,2,,株式会社日立建機ティエラ,,,,,,,0,0,0
1,株式会社日立建機ティエラ,YD60003386,ﾎﾞﾙﾄ;ｾﾑｽ ﾕｳｼｮｳｼｷｭｳ,,ZX17U/19-6,■HJ260814990,購入品,,1,4,3,,株式会社日立建機ティエラ(有償支給),,,,,,,0,0,0
1,株式会社日立建機ティエラ,YD60003386,ﾎﾞﾙﾄ;ｾﾑｽ ﾕｳｼｮｳｼｷｭｳ,,6T/17U-5/19-6ｵｲﾙﾀﾝｸ,■HJ260820990,購入品,,1,4,3,,株式会社日立建機ティエラ(有償支給),,,,,,,0,0,0
1,株式会社日立建機ティエラ,YD60003386,ｴﾙﾎﾞS45 PF1,,291 ｵｲﾙﾀﾝｸ,■HA852223990,購入品,,1,1,2,,旭ゴム株式会社,,,,,,,231,0,231
1,株式会社日立建機ティエラ,YD60003386,ﾌﾟﾗｸﾞ,,9289307,■H94-2023990,購入品,,1,1,3,,エトー株式会社,,,,,,,22.85,0,22.85
1,株式会社日立建機ティエラ,YD60003386,ｼｰﾙﾜｯｼｬ,,9289307,■Z449558,購入品,,1,2,3,,旭ゴム株式会社,,,,,,,15.84,0,15.84
1,株式会社日立建機ティエラ,YD60003386,ｴﾙﾎﾞ,,291 ｵｲﾙﾀﾝｸ,■YD00004080,購入品,,1,1,3,,旭ゴム株式会社,,,,,,,1401,0,1401
1,株式会社日立建機ティエラ,YD60003386,Oﾘﾝｸﾞ,,9289307,■HA810070990,購入品,,1,1,3,,旭ゴム株式会社,,,,,,,25,0,25
1,株式会社日立建機ティエラ,YD60003386,ﾛｯｶｸﾎﾞﾙﾄ,,M10X16,■M10X16,購入品,,1,2,3,,藤田螺子工業株式会社,,,,,,,23.12,0,23.12
1,株式会社日立建機ティエラ,YD60003386,ｷｬｯﾌﾟSC1.000X1IL,φ28 長31,17U-5 ｵｲﾙﾀﾝｸ,89980003299,購入品,,1,1,2,,株式会社三和精密,,,,,,,0,0,0
1,株式会社日立建機ティエラ,YD60003386,ﾌﾟﾗｸﾞ小SR1013-12672,,17U-5 ｵｲﾙﾀﾝｸ,89980003298,購入品,,1,1,2,,株式会社三和精密,,,,,,,0,0,0
1,株式会社日立建機ティエラ,YD60003386,ﾏｽｷﾝｸﾞｷｬｯﾌﾟSCM13.0X20.0L,φ13 長20,17U-5/19-6 ｵｲﾙﾀﾝｸ,89980004023,購入品,,1,1,2,,株式会社三和精密,,,,,,,0,0,0
1,株式会社日立建機ティエラ,YD60003386,ｷｬｯﾌﾟSC0.187X1-1/2,φ5 長40,6Mｵｲﾙﾀﾝｸ,89980002165,購入品,,1,1,2,,株式会社三和精密,,,,,,,0,0,0
1,株式会社日立建機ティエラ,YD60003386,ｷｬｯﾌﾟSCM34.0X38.0,φ38 長41,ZX70-3/ZX85USB-3 ｵｲﾙﾀﾝｸ,89980002175,購入品,,1,1,2,,株式会社三和精密,,,,,,,0,0,0
1,株式会社日立建機ティエラ,YD60003386,"ﾏｽｷﾝｸﾞｷｬｯﾌﾟSC0.343×1""IL",φ11 長30,6T/17U-5/19-6 ｵｲﾙﾀﾝｸ,89980002449,購入品,,1,2,2,,株式会社三和精密,,,,,,,0,0,0
1,株式会社日立建機ティエラ,YD60003386,無償支給部品用ﾏｽﾀ,,ｵｲﾙﾀﾝｸ_17U-5,■YD60003386_M,集合部品,,1,1,2,,ティエラ無償支給LT調整用,0,0,0,0,0,0,,,0
1,株式会社日立建機ティエラ,YD60003386,ﾌｨﾙﾀ;ﾘﾀｰﾝ ■ﾑｼｮｳｼｷｭｳ,,6Mｵｲﾙﾀﾝｸ,4442446,購入品,,1,1,4,,株式会社日立建機ティエラ,,,,,,,0,0,0
1,株式会社日立建機ティエラ,YD60003386,ﾌｨﾙﾀ;ｻｸｼｮﾝ ■ﾑｼｮｳｼｷｭｳ,,6Mｵｲﾙﾀﾝｸ,4479355,購入品,,1,1,4,,株式会社日立建機ティエラ,,,,,,,0,0,0
1,株式会社日立建機ティエラ,YD60003386,ｴﾙﾎﾞS45 ■ﾑｼｮｳｼｷｭｳ,,291 ｵｲﾙﾀﾝｸ,■■A852222,購入品,,1,1,4,,株式会社日立建機ティエラ,,,,,,,0,0,0
1,株式会社日立建機ティエラ,YD60003386,ﾁｰ ■ﾑｼｮｳｼｷｭｳ,,291 ｵｲﾙﾀﾝｸ,■■A852422,購入品,,1,1,4,,株式会社日立建機ティエラ,,,,,,,0,0,0
