parent_product_id,child_product_id,quantity,lead_time_days
YD60000441,HA810160,1,2
YD60000441,4621929,1,2
YD60000441,HJ260820990,4,3
YD60000441,HA885004,1,2
YD60000441,89980002165,1,2
YD60000441,89980002175,1,2
YD60000441,89980002179,1,2
YD60000441,Z449558,2,3
YD60000441,YD40000608,1,3
YD60000441,YD40000608,1,2
YD60000441,YD40000608,1,2
YD60000441,YD40000608,1,2
YD40000608,YD40000608-00SUB,1,6
YD40000608-00SUB,YD40000608-00,1,9
YD40000608-00SUB,YD40000608-00,1,8
YD40000608-00,HC4.5X1219X1219,1,11
YD40000608-00SUB,YD40000608-02,1,8
YD40000608-02,HC3.2X1219X1219,1,9
YD40000608-00SUB,YD40000608-05,1,7
YD40000608-00SUB,4273198,1,9
4273198,H2.3X164XT,1,12
YD40000608-00SUB,YD40000608-15,1,7
YD40000608-15,Z2.3X442.0X408.0,1,10
YD40000608-00SUB,4137294,2,8
YD40000608,YD40000608-01,1,8
YD40000608,YD40000608-01,1,7
YD40000608-01,HC4.5X1219X1219,1,11
YD40000608,YD40000608-04S,1,7
YD40000608-04S,YD40000608-04,1,9
YD40000608-04,HC3.2X1219X1219,1,10
YD40000608-04S,M650010,2,9
YD40000608,YD40000608-06,1,7
YD40000608-06,HC4.5X1219X1219,1,8
YD40000608,8049310,1,6
8049310,8049310-00,1,10
8049310-00,H4.5X235XT,1,13
8049310,P1.5X14X8X10,6,9
YD40000608,YD40000607,1,6
YD40000607,YD40000607-00,1,9
YD40000607,YD40000607-01,1,9
YD40000608,YD40000608-10,1,8
YD40000608,YD40000608-10,1,7
YD40000608-10,HC4.5X1219X1219,1,9
YD40000608,8093111,1,6
8093111,8093111-00,1,10
8093111,P1.5X14X8X10,4,9
YD40000608,4446513,3,9
YD40000608,4720208,1,6
YD40000608,YD40000608-13,2,6
YD40000608-13,HC6X1219X1219,2,6
YD40000608,YD40000608-16,1,8
YD40000608,YD40000608-16,1,7
YD40000608-16,HC3.2X1219X1219,1,9
YD40000608,4615712,1,6
YD40000608,9733476S,2,7
9733476S,9733476,2,9
9733476S,4222008,2,9
YD40000608,4137294,2,7
YD40000608,YD40000608-20S,1,7
YD40000608-20S,YD40000608-20,1,8
YD40000608-20,HC3.2X1219X1219,1,9
YD40000608-20S,M650010,2,8
YD60000441,89980002449,2,2
YD60000441,J271025,6,2
YD60000441,M10X16,2,3
YD60000441,YD60000441_M,1,2
YD60000441_M,4094438,1,4
YD60000441_M,4094439,1,4
YD60000441_M,4129280,1,4
YD60000441_M,4667855,1,4
YD60000441_M,8091858,1,4
YD60000441_M,A852332,2,6
YD60000441_M,A852333,3,6
YD60000441_M,YD40000606,1,4
