No.,çHèÍ,éÊà¯êÊ,ì˙íˆÉâÉCÉìà≥èk,åvéZì˙,ê∂éYäÆóπì˙,çHèÍÇQ,ïiãÊ,ïiî‘,Ç`Å^Çb,â¡çHì‡óe,ïiñº,î[ì¸èÍèä,î†éÌ,é˚óeêî,Ç‹Ç∆ÇﬂãÊï™,å`ë‘ãÊï™,åüç∏ãÊï™,éËîzãÊï™,íËä˙ï‚è[ãÊï™,ÉäÅ[ÉhÉ^ÉCÉÄ,íËì_ì˙êî,èoâ◊çHèÍ,éÊà¯êÊïiî‘,ÉåÉRÅ[ÉhéØï ,äJénåéìx,çáåvêîÇP,ì˙ï êîÇP,ì˙ï êîÇP,ì˙ï êîÇP,ì˙ï êîÇP,ì˙ï êîÇP,ì˙ï êîÇP,ì˙ï êîÇP,ì˙ï êîÇP,ì˙ï êîÇP,ì˙ï êîÇP,ì˙ï êîÇP,ì˙ï êîÇP,ì˙ï êîÇP,ì˙ï êîÇP,ì˙ï êîÇP,ì˙ï êîÇP,ì˙ï êîÇP,ì˙ï êîÇP,ì˙ï êîÇP,ì˙ï êîÇP,ì˙ï êîÇP,ì˙ï êîÇP,ì˙ï êîÇP,ì˙ï êîÇP,ì˙ï êîÇP,ì˙ï êîÇP,ì˙ï êîÇP,ì˙ï êîÇP,ì˙ï êîÇP,ì˙ï êîÇP,ì˙ï êîÇP,çáåvêîÇQ,ì˙ï êîÇQ,ì˙ï êîÇQ,ì˙ï êîÇQ,ì˙ï êîÇQ,ì˙ï êîÇQ,ì˙ï êîÇQ,ì˙ï êîÇQ,ì˙ï êîÇQ,ì˙ï êîÇQ,ì˙ï êîÇQ,ì˙ï êîÇQ,ì˙ï êîÇQ,ì˙ï êîÇQ,ì˙ï êîÇQ,ì˙ï êîÇQ,ì˙ï êîÇQ,ì˙ï êîÇQ,ì˙ï êîÇQ,ì˙ï êîÇQ,ì˙ï êîÇQ,ì˙ï êîÇQ,ì˙ï êîÇQ,ì˙ï êîÇQ,ì˙ï êîÇQ,ì˙ï êîÇQ,ì˙ï êîÇQ,ì˙ï êîÇQ,ì˙ï êîÇQ,ì˙ï êîÇQ,ì˙ï êîÇQ,ì˙ï êîÇQ,çáåvêîÇR,ì˙ï êîÇR,ì˙ï êîÇR,ì˙ï êîÇR,ì˙ï êîÇR,ì˙ï êîÇR,ì˙ï êîÇR,ì˙ï êîÇR,ì˙ï êîÇR,ì˙ï êîÇR,ì˙ï êîÇR,ì˙ï êîÇR,ì˙ï êîÇR,ì˙ï êîÇR,ì˙ï êîÇR,ì˙ï êîÇR,ì˙ï êîÇR,ì˙ï êîÇR,ì˙ï êîÇR,ì˙ï êîÇR,ì˙ï êîÇR,ì˙ï êîÇR,ì˙ï êîÇR,ì˙ï êîÇR,ì˙ï êîÇR,ì˙ï êîÇR,ì˙ï êîÇR,ì˙ï êîÇR,ì˙ï êîÇR,ì˙ï êîÇR,ì˙ï êîÇR,ì˙ï êîÇR,ÉuÉâÉìÉN
36,23,31499,5**,251202,251216,23,1,RB44104461,130,   ,Ãﬂ⁄-ƒ(S-46)         ,34158,T-9-2,50,A, ,N ,1,0,5,0,   ,             ,V1,2512,50,1,0,1,6,4,0,0,5,2,3,3,5,0,0,2,1,1,5,3,0,0,2,2,2,2,0,0,0,0,0,0,17,0,0,0,0,1,0,0,2,1,0,0,1,0,1,0,2,0,0,1,0,1,0,0,0,0,2,2,1,2,0,0,10,0,1,1,1,1,1,0,0,1,1,1,1,1,0,0,0,0,0,0,0,0,0,0,0,0,0,0,0,0,0,0,X                                                                                                                                                                                                                                                                                                                                                                                                                                        
36,23,31499,6**,251202,251216,23,1,RD18841262,130,   ,"Ãﬂ⁄-ƒ(2,º∑ÿ,LH)     ",367,37N-2,10,A, ,N ,1,0,2,0,   ,             ,V3,2512,430,30,20,20,20,30,0,0,20,20,20,20,0,0,0,20,30,30,20,20,0,0,20,20,30,20,20,0,0,0,0,0,440,0,0,0,0,20,20,20,20,20,0,0,30,20,20,30,20,0,0,20,30,20,20,20,0,0,20,20,30,20,20,0,500,0,30,40,30,30,30,0,0,20,30,20,30,20,0,0,30,20,30,20,20,0,0,20,20,20,20,20,0,0,0,0,X                                                                                                                                                                                                                                                                                                                                                                                                                                        
36,23,31499,5**,251202,251216,23,1,RB44104461,130,   ,Ãﬂ⁄-ƒ(S-46)         ,34158,T-9-2,50,A, ,N ,1,0,5,0,   ,             ,V3,2512,50,0,0,0,0,0,0,0,50,0,0,0,0,0,0,0,0,0,0,0,0,0,0,0,0,0,0,0,0,0,0,0,50,0,0,0,0,0,0,0,0,0,0,0,0,0,0,0,0,0,0,0,0,0,0,0,0,0,0,0,0,50,0,0,0,0,0,0,0,0,0,0,0,0,0,0,0,0,0,0,0,0,0,0,0,0,0,0,0,0,0,0,0,0,0,0,X                                                                                                                                                                                                                                                                                                                                                                                                                                        
36,23,31499,6**,251202,251216,23,1,RC69253292,130,   ,Ãﬁ◊π¬ƒ( ﬁ¬√ÿ)       ,621,SPT  ,6,A, ,N ,1,0,0,0,   ,             ,V1,2512,0,0,0,0,0,0,0,0,0,0,0,0,0,0,0,0,0,0,0,0,0,0,0,0,0,0,0,0,0,0,0,0,0,0,0,0,0,0,0,0,0,0,0,0,0,0,0,0,0,0,0,0,0,0,0,0,0,0,0,0,0,0,0,0,2,0,2,0,0,0,0,0,0,0,0,0,0,0,0,0,0,0,0,0,0,0,0,0,0,0,0,0,0,0,0,0,X                                                                                                                                                                                                                                                                                                                                                                                                                                        
36,23,31499,6**,251202,251216,23,1,RC69253292,130,   ,Ãﬁ◊π¬ƒ( ﬁ¬√ÿ)       ,621,SPT  ,6,A, ,N ,1,0,0,0,   ,             ,V2,2512,0,0,0,0,0,0,0,0,0,0,0,0,0,0,0,0,0,0,0,0,0,0,0,0,0,0,0,0,0,0,0,0,0,0,0,0,0,0,0,0,0,0,0,0,0,0,0,0,0,0,0,0,0,0,0,0,0,0,0,0,0,0,0,0,0,0,0,0,0,0,0,0,0,0,0,0,0,0,0,0,0,0,0,0,0,0,0,0,0,0,0,0,0,0,0,0,X                                                                                                                                                                                                                                                                                                                                                                                                                                        
36,23,31499,6**,251202,251216,23,1,RC69253292,130,   ,Ãﬁ◊π¬ƒ( ﬁ¬√ÿ)       ,621,SPT  ,6,A, ,N ,1,0,0,0,   ,             ,V3,2512,0,0,0,0,0,0,0,0,0,0,0,0,0,0,0,0,0,0,0,0,0,0,0,0,0,0,0,0,0,0,0,0,0,0,0,0,0,0,0,0,0,0,0,0,0,0,0,0,0,0,0,0,0,0,0,0,0,0,0,0,0,0,0,0,0,0,0,0,0,0,0,0,0,0,0,0,0,0,0,0,0,0,0,0,0,0,0,0,0,0,0,0,0,0,0,0,X                                                                                                                                                                                                                                                                                                                                                                                                                                        
36,23,31499,6**,251202,251216,23,1,RC78747582,132,   ,"Ãﬁ◊π¬ƒ(“-¿,∑‘Ãﬁ)    ",460,TP392,2,A, ,N ,1,0,4,0,   ,             ,V1,2512,1,0,0,1,0,0,0,0,0,0,0,0,0,0,0,0,0,0,0,0,0,0,0,0,0,0,0,0,0,0,0,0,0,0,0,0,0,0,0,0,0,0,0,0,0,0,0,0,0,0,0,0,0,0,0,0,0,0,0,0,0,0,0,0,0,0,0,0,0,0,0,0,0,0,0,0,0,0,0,0,0,0,0,0,0,0,0,0,0,0,0,0,0,0,0,0,X                                                                                                                                                                                                                                                                                                                                                                                                                                        
36,23,31499,6**,251202,251216,23,1,RC78747582,132,   ,"Ãﬁ◊π¬ƒ(“-¿,∑‘Ãﬁ)    ",460,TP392,2,A, ,N ,1,0,4,0,   ,             ,V2,2512,0,0,0,51125,0,0,0,0,0,0,0,0,0,0,0,0,0,0,0,0,0,0,0,0,0,0,0,0,0,0,0,0,0,0,0,0,0,0,0,0,0,0,0,0,0,0,0,0,0,0,0,0,0,0,0,0,0,0,0,0,0,0,0,0,0,0,0,0,0,0,0,0,0,0,0,0,0,0,0,0,0,0,0,0,0,0,0,0,0,0,0,0,0,0,0,0,X                                                                                                                                                                                                                                                                                                                                                                                                                                        
36,23,31499,6**,251202,251216,23,1,RC78747582,132,   ,"Ãﬁ◊π¬ƒ(“-¿,∑‘Ãﬁ)    ",460,TP392,2,A, ,N ,1,0,4,0,   ,             ,V3,2512,2,0,0,2,0,0,0,0,0,0,0,0,0,0,0,0,0,0,0,0,0,0,0,0,0,0,0,0,0,0,0,0,0,0,0,0,0,0,0,0,0,0,0,0,0,0,0,0,0,0,0,0,0,0,0,0,0,0,0,0,0,0,0,0,0,0,0,0,0,0,0,0,0,0,0,0,0,0,0,0,0,0,0,0,0,0,0,0,0,0,0,0,0,0,0,0,X                                                                                                                                                                                                                                                                                                                                                                                                                                        
36,23,31499,6**,251202,251216,23,1,RC78979731,132,   ,"Ω√-(2,±-—HV)        ",460,#37N ,6,A, ,N ,1,0,4,0,   ,             ,V1,2512,54,2,2,6,4,3,0,0,2,5,2,3,0,0,0,5,2,5,0,2,0,0,4,2,0,3,2,0,0,0,0,0,167,0,0,0,0,3,9,9,10,13,0,0,9,8,6,9,8,0,0,8,12,8,6,8,0,0,8,8,8,9,8,0,36,0,5,4,4,3,3,0,0,3,3,2,2,2,0,0,1,1,1,1,1,0,0,0,0,0,0,0,0,0,0,0,X                                                                                                                                                                                                                                                                                                                                                                                                                                        
36,23,31499,6**,251202,251216,23,1,RC78979731,132,   ,"Ω√-(2,±-—HV)        ",460,#37N ,6,A, ,N ,1,0,4,0,   ,             ,V2,2512,0,0,51124,51125,0,51201,0,0,0,51203,0,51205,0,0,0,51209,0,51211,0,0,0,0,51216,0,0,51219,0,0,0,0,0,0,0,0,0,0,0,0,51224,51225,51226,60105,0,0,60106,60107,60108,60109,60112,0,0,60113,60114,60115,60116,60119,0,0,60120,60121,60122,60123,60126,0,0,0,60127,0,60129,0,60202,0,0,0,60204,0,60206,0,0,0,0,0,0,60213,0,0,0,0,0,0,0,0,0,0,0,0,X                                                                                                                                                                                                                                                                                                                                                                                                                                        
36,23,31499,6**,251202,251216,23,1,RC78979731,132,   ,"Ω√-(2,±-—HV)        ",460,#37N ,6,A, ,N ,1,0,4,0,   ,             ,V3,2512,54,0,6,6,0,6,0,0,0,6,0,6,0,0,0,6,0,6,0,0,0,0,6,0,0,6,0,0,0,0,0,0,168,0,0,0,0,0,12,6,12,12,0,0,12,6,6,12,6,0,0,6,12,12,6,6,0,0,6,12,6,6,12,0,36,0,6,0,6,0,6,0,0,0,6,0,6,0,0,0,0,0,0,6,0,0,0,0,0,0,0,0,0,0,0,0,X                                                                                                                                                                                                                                                                                                                                                                                                                                        
36,23,31499,6**,251202,251216,23,1,RC79453291,130,   ,Ãﬁ◊π¬ƒ( ﬁ¬√ÿ)       ,621,MM   ,6,A, ,N ,1,0,2,0,   ,             ,V1,2512,129,8,8,5,7,7,0,0,9,6,13,8,0,0,0,6,8,4,8,8,0,0,4,6,4,4,6,0,0,0,0,0,125,0,0,0,0,8,4,8,7,7,0,0,8,5,5,8,2,0,0,8,7,4,4,8,0,0,7,5,8,4,8,0,118,0,21,16,13,11,8,0,0,7,3,3,3,3,0,0,3,3,3,3,3,0,0,3,3,3,3,3,0,0,0,0,X                                                                                                                                                                                                                                                                                                                                                                                                                                        
36,23,31499,6**,251202,251216,23,1,RC79453291,130,   ,Ãﬁ◊π¬ƒ( ﬁ¬√ÿ)       ,621,MM   ,6,A, ,N ,1,0,2,0,   ,             ,V2,2512,0,51125,51126,51201,51202,51203,0,0,51204,51205,51208,51209,0,0,0,51211,51212,51215,51216,51217,0,0,51218,51219,51222,0,51224,0,0,0,0,0,0,0,0,0,0,51225,0,60105,60106,60107,0,0,60108,60109,60112,60113,60114,0,0,60115,60116,60119,0,60121,0,0,60122,60123,60126,60127,60128,0,0,0,60129,60130,60202,60203,60204,0,0,60205,0,60209,0,60211,0,0,0,60213,0,60217,0,0,0,60219,0,60223,0,60225,0,0,0,0,X                                                                                                                                                                                                                                                                                                                                                                                                                                        
36,23,31499,6**,251202,251216,23,1,RC79453291,130,   ,Ãﬁ◊π¬ƒ( ﬁ¬√ÿ)       ,621,MM   ,6,A, ,N ,1,0,2,0,   ,             ,V3,2512,126,6,6,6,6,12,0,0,6,6,12,12,0,0,0,6,6,6,6,6,0,0,6,6,6,0,6,0,0,0,0,0,126,0,0,0,0,12,0,12,6,6,0,0,6,6,6,6,6,0,0,6,6,6,0,12,0,0,6,6,6,6,6,0,120,0,24,12,12,12,12,0,0,6,0,6,0,6,0,0,0,6,0,6,0,0,0,6,0,6,0,6,0,0,0,0,X                                                                                                                                                                                                                                                                                                                                                                                                                                        
36,23,31499,6**,251202,251216,23,1,RD18804601,130,   ,∂ ﬁ-(S-60)          ,233,TP331,5,A, ,N ,1,0,3,0,   ,             ,V1,2512,429,25,21,22,22,24,0,0,20,21,26,18,0,0,0,23,26,25,21,21,0,0,19,25,24,22,24,0,0,0,0,0,437,0,0,0,0,21,18,17,21,23,0,0,24,24,21,25,23,0,0,26,22,22,19,21,0,0,22,24,22,22,20,0,498,0,36,32,31,30,28,0,0,27,27,25,25,24,0,0,24,24,24,22,21,0,0,21,20,19,19,19,0,0,0,0,X                                                                                                                                                                                                                                                                                                                                                                                                                                        
36,23,31499,6**,251202,251216,23,1,RD18804601,130,   ,∂ ﬁ-(S-60)          ,233,TP331,5,A, ,N ,1,0,3,0,   ,             ,V2,2512,0,51124,51125,51126,51201,51202,0,0,51203,51204,51205,51208,0,0,0,51210,51211,51212,51215,51216,0,0,51217,51218,51219,51222,51223,0,0,0,0,0,0,0,0,0,0,51224,51225,51226,60105,60106,0,0,60107,60108,60109,60112,60113,0,0,60114,60115,60116,60119,60120,0,0,60121,60122,60123,60126,60127,0,0,0,60128,60129,60130,60202,60203,0,0,60204,60205,60206,60209,60210,0,0,60211,60212,60213,60216,60217,0,0,60218,60219,60220,60223,60224,0,0,0,0,X                                                                                                                                                                                                                                                                                                                                                                                                                                        
36,23,31499,6**,251202,251216,23,1,RD18804601,130,   ,∂ ﬁ-(S-60)          ,233,TP331,5,A, ,N ,1,0,3,0,   ,             ,V3,2512,430,25,20,25,20,25,0,0,20,20,25,20,0,0,0,25,25,25,20,20,0,0,20,25,25,20,25,0,0,0,0,0,435,0,0,0,0,20,20,15,20,25,0,0,25,25,20,25,20,0,0,30,20,20,20,20,0,0,25,25,20,20,20,0,500,0,40,30,30,30,30,0,0,25,30,25,25,20,0,0,25,25,25,20,20,0,0,25,20,15,20,20,0,0,0,0,X                                                                                                                                                                                                                                                                                                                                                                                                                                        
36,23,31499,6**,251202,251216,23,1,RD18804661,130,   ,∂ ﬁ-(S-66)          ,233,TP331,10,A, ,N ,1,0,3,0,   ,             ,V1,2512,429,25,21,22,22,24,0,0,20,21,26,18,0,0,0,23,26,25,21,21,0,0,19,25,24,22,24,0,0,0,0,0,437,0,0,0,0,21,18,17,21,23,0,0,24,24,21,25,23,0,0,26,22,22,19,21,0,0,22,24,22,22,20,0,498,0,36,32,31,30,28,0,0,27,27,25,25,24,0,0,24,24,24,22,21,0,0,21,20,19,19,19,0,0,0,0,X                                                                                                                                                                                                                                                                                                                                                                                                                                        
36,23,31499,6**,251202,251216,23,1,RD18804661,130,   ,∂ ﬁ-(S-66)          ,233,TP331,10,A, ,N ,1,0,3,0,   ,             ,V2,2512,0,51124,51125,51126,51201,51202,0,0,51203,51204,51205,51208,0,0,0,51210,51211,51212,51215,51216,0,0,51217,51218,51219,51222,51223,0,0,0,0,0,0,0,0,0,0,51224,51225,51226,60105,60106,0,0,60107,60108,60109,60112,60113,0,0,60114,60115,60116,60119,60120,0,0,60121,60122,60123,60126,60127,0,0,0,60128,60129,60130,60202,60203,0,0,60204,60205,60206,60209,60210,0,0,60211,60212,60213,60216,60217,0,0,60218,60219,60220,60223,60224,0,0,0,0,X                                                                                                                                                                                                                                                                                                                                                                                                                                        
36,23,31499,6**,251202,251216,23,1,RD18804661,130,   ,∂ ﬁ-(S-66)          ,233,TP331,10,A, ,N ,1,0,3,0,   ,             ,V3,2512,430,20,20,30,20,20,0,0,20,20,30,20,0,0,0,20,30,20,20,20,0,0,20,30,20,20,30,0,0,0,0,0,430,0,0,0,0,20,20,10,20,30,0,0,20,30,20,20,20,0,0,30,20,20,20,20,0,0,30,20,20,20,20,0,500,0,40,30,30,30,30,0,0,30,30,20,30,20,0,0,20,30,20,20,20,0,0,30,20,10,20,20,0,0,0,0,X                                                                                                                                                                                                                                                                                                                                                                                                                                        
36,23,31499,6**,251202,251216,23,1,RD18841262,130,   ,"Ãﬂ⁄-ƒ(2,º∑ÿ,LH)     ",367,37N-2,10,A, ,N ,1,0,2,0,   ,             ,V1,2512,429,25,21,22,22,24,0,0,20,21,26,18,0,0,0,23,26,25,21,21,0,0,19,25,24,22,24,0,0,0,0,0,437,0,0,0,0,21,18,17,21,23,0,0,24,24,21,25,23,0,0,26,22,22,19,21,0,0,22,24,22,22,20,0,498,0,36,32,31,30,28,0,0,27,27,25,25,24,0,0,24,24,24,22,21,0,0,21,20,19,19,19,0,0,0,0,X                                                                                                                                                                                                                                                                                                                                                                                                                                        
36,23,31499,6**,251202,251216,23,1,RD18841262,130,   ,"Ãﬂ⁄-ƒ(2,º∑ÿ,LH)     ",367,37N-2,10,A, ,N ,1,0,2,0,   ,             ,V2,2512,0,51125,51126,51201,51202,51203,0,0,51204,51205,51208,51209,0,0,0,51211,51212,51215,51216,51217,0,0,51218,51219,51222,51223,51224,0,0,0,0,0,0,0,0,0,0,51225,51226,60105,60106,60107,0,0,60108,60109,60112,60113,60114,0,0,60115,60116,60119,60120,60121,0,0,60122,60123,60126,60127,60128,0,0,0,60129,60130,60202,60203,60204,0,0,60205,60206,60209,60210,60211,0,0,60212,60213,60216,60217,60218,0,0,60219,60220,60223,60224,60225,0,0,0,0,X                                                                                                                                                                                                                                                                                                                                                                                                                                        
36,23,31499,5**,251202,251216,23,1,RB44104461,130,   ,Ãﬂ⁄-ƒ(S-46)         ,34158,T-9-2,50,A, ,N ,1,0,5,0,   ,             ,V2,2512,0,0,0,0,0,0,0,0,51201,0,0,0,0,0,0,0,0,0,0,0,0,0,0,0,0,0,0,0,0,0,0,0,0,0,0,0,0,0,0,0,0,0,0,0,0,0,0,0,0,0,0,0,0,0,0,0,0,0,0,0,0,60122,0,0,0,0,0,0,0,0,0,0,0,0,0,0,0,0,0,0,0,0,0,0,0,0,0,0,0,0,0,0,0,0,0,0,X                                                                                                                                                                                                                                                                                                                                                                                                                                        
