"データ区分","レコード区分","サプライヤコード","企業コード","事業所コード","送付No","データ種別","注文番号","バーコードNo（納品書部）","バーコードNo（物流カード部）","備付マーク","図番","図歴","納期","調達品分野コード","注文数量","単位","管理番号/包装ロット１・２","管理区分/貸方事業所","原因コード","納入先","納入場所","保管場所","棚番","サプライヤ工場区分","次工程送先/支給先","検査区分","保安Ａ部品区分","不良責任部署","発注種類区分","プロジェクトＮｏ","カンバンＮｏ","包装１","包装２","ポスト区分","社内郵便番号","発注処理区分","発注理由区分","検査区分翻訳","経費依頼者名","塗装翻訳","防錆","製造指図","C表No/不良通知Ｎｏ","項番","組織コード","納品書用品名","納品書用品名ｶﾅ","表歴","M歴","部品番号24","仕上重量","総重量","サプライヤ正式名","日立品目対応データ","受注番号","受注項番","ライン区分"
"Y55","1","E820T2","XXXXX","XXX","1295","HH495","42655711","T0426557110V","FF426557110V","X","YD40003117","001","20251212","T3","1","7","","00100010","","ﾃｨｴﾗ","ｼｶﾞﾆｳｹ","MP9000","","","","8","0","","T","TAAFE251029001","","","","4","","","","ﾏﾙﾕｳ","","","","5C0009863573","TA-2512-0995","","TA0","ブレード","BLADE","","005","YD40003117_0010-0010","","","ダイソウ工業株式会社","","","","TA"
"Y55","1","E820T2","XXXXX","XXX","1295","HH495","42655922","T0426559220Z","FF426559220Z","X","YD40005859","000","20251212","T3","1","7","","00100010","","ﾃｨｴﾗ","ｼｶﾞﾆｳｹ","MP9000","","","","8","0","","T","TAAEP251029001","","","","4","","","","ﾏﾙﾕｳ","","","","5C0009861981","TA-2512-0945","","TA0","ブレード","BLADE","","007","YD40005859_0010-0010","","","ダイソウ工業株式会社","","","","TA"
"Y55","1","E820T2","XXXXX","XXX","1295","HH495","42655923","T04265592300","FF4265592300","X","YD40005859","000","20251212","T3","1","7","","00100010","","ﾃｨｴﾗ","ｼｶﾞﾆｳｹ","MP9000","","","","8","0","","T","TAAEP251029002","","","","4","","","","ﾏﾙﾕｳ","","","","5C0009861982","TA-2512-0916","","TA0","ブレード","BLADE","","007","YD40005859_0010-0010","","","ダイソウ工業株式会社","","","","TA"
"Y55","1","E820T2","XXXXX","XXX","1295","HH495","42655924","T04265592401","FF4265592401","X","YD40005860","000","20251212","T3","1","7","","00100010","","ﾃｨｴﾗ","ｼｶﾞﾆｳｹ","MP9000","","","","8","0","","T","TAAEA251029001","","","","4","","","","ﾏﾙﾕｳ","","","","5C0009861983","TA-2512-0938","","TA0","ブレード","BLADE","","008","YD40005860_0010-0010","","","ダイソウ工業株式会社","","","","TA"
"Y55","1","E820T2","XXXXX","XXX","1295","HH495","42655925","T04265592502","FF4265592502","X","YD40005860","000","20251212","T3","1","7","","00100010","","ﾃｨｴﾗ","ｼｶﾞﾆｳｹ","MP9000","","","","8","0","","T","TAAEA251029002","","","","4","","","","ﾏﾙﾕｳ","","","","5C0009861984","TA-2512-0978","","TA0","ブレード","BLADE","","008","YD40005860_0010-0010","","","ダイソウ工業株式会社","","","","TA"
"Y55","1","E820T2","XXXXX","XXX","1295","HH495","42655926","T04265592603","FF4265592603","X","YD40005862","000","20251212","T3","1","7","","00100010","","ﾃｨｴﾗ","ｼｶﾞﾆｳｹ","MP9000","","","","8","0","","T","TAAEJ251029001","","","","4","","","","ﾏﾙﾕｳ","","","","5C0009861985","TA-2512-0965","","TA0","ブレード","BLADE","","007","YD40005862_0010-0010","","","ダイソウ工業株式会社","","","","TA"
"Y55","1","E820T2","XXXXX","XXX","1295","HH495","42655927","T04265592704","FF4265592704","X","YD40005862","000","20251212","T3","1","7","","00100010","","ﾃｨｴﾗ","ｼｶﾞﾆｳｹ","MP9000","","","","8","0","","T","TAAEQ251029001","","","","4","","","","ﾏﾙﾕｳ","","","","5C0009861986","TA-2512-0985","","TA0","ブレード","BLADE","","007","YD40005862_0010-0010","","","ダイソウ工業株式会社","","","","TA"
"Y55","1","E820T2","XXXXX","XXX","1295","HH495","42655928","T04265592805","FF4265592805","X","YD40005862","000","20251212","T3","1","7","","00100010","","ﾃｨｴﾗ","ｼｶﾞﾆｳｹ","MP9000","","","","8","0","","T","TAAEQ251029002","","","","4","","","","ﾏﾙﾕｳ","","","","5C0009861987","TA-2512-0924","","TA0","ブレード","BLADE","","007","YD40005862_0010-0010","","","ダイソウ工業株式会社","","","","TA"
"Y55","1","E820T2","XXXXX","XXX","1295","HH495","42655929","T04265592906","FF4265592906","X","YD40005862","000","20251212","T3","1","7","","00100010","","ﾃｨｴﾗ","ｼｶﾞﾆｳｹ","MP9000","","","","8","0","","T","TAAEQ251029003","","","","4","","","","ﾏﾙﾕｳ","","","","5C0009861988","TA-2512-0962","","TA0","ブレード","BLADE","","007","YD40005862_0010-0010","","","ダイソウ工業株式会社","","","","TA"
"Y55","1","E820T2","XXXXX","XXX","1295","HH495","42655930","T0426559300Y","FF426559300Y","X","YD40005862","000","20251212","T3","1","7","","00100010","","ﾃｨｴﾗ","ｼｶﾞﾆｳｹ","MP9000","","","","8","0","","T","TAAEQ251029004","","","","4","","","","ﾏﾙﾕｳ","","","","5C0009861989","TA-2512-0982","","TA0","ブレード","BLADE","","007","YD40005862_0010-0010","","","ダイソウ工業株式会社","","","","TA"
"Y55","1","E820T2","XXXXX","XXX","1295","HH495","42655931","T0426559310Z","FF426559310Z","X","YD40005864","000","20251212","T3","1","7","","00100010","","ﾃｨｴﾗ","ｼｶﾞﾆｳｹ","MP9000","","","","8","0","","T","TAAEB251029001","","","","4","","","","ﾏﾙﾕｳ","","","","5C0009861995","TA-2512-0958","","TA0","ブレード","BLADE","","007","YD40005864_0010-0010","","","ダイソウ工業株式会社","","","","TA"
"Y55","1","E820T2","XXXXX","XXX","1295","HH495","42655932","T04265593200","FF4265593200","X","YD40005864","000","20251212","T3","1","7","","00100010","","ﾃｨｴﾗ","ｼｶﾞﾆｳｹ","MP9000","","","","8","0","","T","TAAEB251029002","","","","4","","","","ﾏﾙﾕｳ","","","","5C0009861996","TA-2512-0971","","TA0","ブレード","BLADE","","007","YD40005864_0010-0010","","","ダイソウ工業株式会社","","","","TA"
"Y55","1","E820T2","XXXXX","XXX","1295","HH495","42655933","T04265593301","FF4265593301","X","YD40005864","000","20251212","T3","1","7","","00100010","","ﾃｨｴﾗ","ｼｶﾞﾆｳｹ","MP9000","","","","8","0","","T","TAAEE251029001","","","","4","","","","ﾏﾙﾕｳ","","","","5C0009861990","TA-2512-0934","","TA0","ブレード","BLADE","","007","YD40005864_0010-0010","","","ダイソウ工業株式会社","","","","TA"
"Y55","1","E820T2","XXXXX","XXX","1295","HH495","42655934","T04265593402","FF4265593402","X","YD40005864","000","20251212","T3","1","7","","00100010","","ﾃｨｴﾗ","ｼｶﾞﾆｳｹ","MP9000","","","","8","0","","T","TAAEE251029002","","","","4","","","","ﾏﾙﾕｳ","","","","5C0009861991","TA-2512-0973","","TA0","ブレード","BLADE","","007","YD40005864_0010-0010","","","ダイソウ工業株式会社","","","","TA"
"Y55","1","E820T2","XXXXX","XXX","1295","HH495","42655935","T04265593503","FF4265593503","X","YD40005864","000","20251212","T3","1","7","","00100010","","ﾃｨｴﾗ","ｼｶﾞﾆｳｹ","MP9000","","","","8","0","","T","TAAEE251029004","","","","4","","","","ﾏﾙﾕｳ","","","","5C0009861992","TA-2512-0923","","TA0","ブレード","BLADE","","007","YD40005864_0010-0010","","","ダイソウ工業株式会社","","","","TA"
"Y55","1","E820T2","XXXXX","XXX","1295","HH495","42655936","T04265593604","FF4265593604","X","YD40005864","000","20251212","T3","1","7","","00100010","","ﾃｨｴﾗ","ｼｶﾞﾆｳｹ","MP9000","","","","8","0","","T","TAAEE251029005","","","","4","","","","ﾏﾙﾕｳ","","","","5C0009861993","TA-2512-0930","","TA0","ブレード","BLADE","","007","YD40005864_0010-0010","","","ダイソウ工業株式会社","","","","TA"
"Y55","1","E820T2","XXXXX","XXX","1295","HH495","42655937","T04265593705","FF4265593705","X","YD40005864","000","20251212","T3","1","7","","00100010","","ﾃｨｴﾗ","ｼｶﾞﾆｳｹ","MP9000","","","","8","0","","T","TAAEE251029008","","","","4","","","","ﾏﾙﾕｳ","","","","5C0009861994","TA-2512-0989","","TA0","ブレード","BLADE","","007","YD40005864_0010-0010","","","ダイソウ工業株式会社","","","","TA"
"Y55","1","E820T2","XXXXX","XXX","1295","HH495","42J24830","T042J2483006","FF42J2483006","X","3114047","001","20251216","T3","11","7","","","","ﾃｨｴﾗ","SCMｿｳｺﾆｳｹ","306152","","","","8","0","","","TA0","","","","4","","","","ﾏﾙﾕｳ","","","","","","","TA0","ブラケット","BRACKET","","000","3114047","0.03","0.33","ダイソウ工業株式会社","","","",""
"Y55","1","E820T2","XXXXX","XXX","1295","HH495","42J24835","T042J248350B","FF42J248350B","X","3114047","001","20251216","T3","101","7","","","","ﾃｨｴﾗ","SCMｿｳｺﾆｳｹ","103367","","","","8","0","","","TA0","","","","4","","","","ﾏﾙﾕｳ","","","","","","","TA0","ブラケット","BRACKET","","000","3114047","0.03","3.03","ダイソウ工業株式会社","","","",""
"Y55","1","E820T2","XXXXX","XXX","1295","HH495","42J24836","T042J248360C","FF42J248360C","X","3114047","001","20251216","T3","8","7","","","","ﾃｨｴﾗ","SCMｿｳｺﾆｳｹ","201312","","","","8","0","","","TA0","","","","4","","","","ﾏﾙﾕｳ","","","","","","","TA0","ブラケット","BRACKET","","000","3114047","0.03","0.24","ダイソウ工業株式会社","","","",""
"Y55","1","E820T2","XXXXX","XXX","1295","HH495","42J25017","T042J2501704","FF42J2501704","X","3120813","003","20251216","T3","24","7","","","","ﾃｨｴﾗ","SCMｿｳｺﾆｳｹ","207332","","","","8","0","","","TA0","","","","4","","","","ﾏﾙﾕｳ","","","","","","","TA0","プレート","PLATE","","000","3120813","2.59","62.16","ダイソウ工業株式会社","","","",""
"Y55","1","E820T2","XXXXX","XXX","1295","HH495","42J25021","T042J250210Z","FF42J250210Z","X","3119239","007","20251216","T3","23","7","","","","ﾃｨｴﾗ","SCMｿｳｺﾆｳｹ","207237","","","","8","0","","","TA0","","","","4","","","","ﾏﾙﾕｳ","","","","","","","TA0","プレート","PLATE","","002","3119239","3","69","ダイソウ工業株式会社","","","",""
"Y55","1","E820T2","XXXXX","XXX","1295","HH495","42J25574","T042J255740C","FF42J255740C","X","4276374","006","20251216","T3","76","7","","","","ﾃｨｴﾗ","SCMｿｳｺﾆｳｹ","107423","","","","8","0","","","TA0","","","","4","","","","ﾏﾙﾕｳ","","","","","","","TA0","ストッパ","STOPPER","","000","4276374","0.19","14.44","ダイソウ工業株式会社","","","",""
"Y55","1","E820T2","XXXXX","XXX","1295","HH495","42J27475","T042J274750E","FF42J274750E","X","4667883","002","20251216","T3","44","7","","","","ﾃｨｴﾗ","SCMｿｳｺﾆｳｹ","107306","","","","8","0","","","TA0","","","","4","","","","ﾏﾙﾕｳ","","","","","","","TA0","ストッパ","STOPPER","","000","4667883","0.38","16.72","ダイソウ工業株式会社","","","",""
"Y55","1","E820T2","XXXXX","XXX","1295","HH495","42J27691","T042J276910E","FF42J276910E","X","4643370","001","20251216","T3","4","7","","","","ﾃｨｴﾗ","SCMｿｳｺﾆｳｹ","103457","","","","8","0","","","TA0","","","","4","","","","ﾏﾙﾕｳ","","","","","","","TA0","ストッパ","STOPPER","","000","4643370","0.21","0.84","ダイソウ工業株式会社","","","",""
"Y55","1","E820T2","XXXXX","XXX","1295","HH495","42J27855","T042J278550G","FF42J278550G","X","4668875","002","20251216","T3","240","7","","","","ﾃｨｴﾗ","SCMｿｳｺﾆｳｹ","305454","","","","8","0","","","TA0","","","","4","","","","ﾏﾙﾕｳ","","","","","","","TA0","ストッパ","STOPPER","","000","4668875","0.38","91.2","ダイソウ工業株式会社","","","",""
"Y55","1","E820T2","XXXXX","XXX","1295","HH495","42J27903","T042J279030A","FF42J279030A","X","4672993","002","20251216","T3","8","7","","","","ﾃｨｴﾗ","SCMｿｳｺﾆｳｹ","306451","","","","8","3","","","TA0","","","","4","","","","ﾏﾙﾕｳ","","","","","","","TA0","ストッパ","STOPPER","","000","4672993","0.26","2.08","ダイソウ工業株式会社","","","",""
"Y55","1","E820T2","XXXXX","XXX","1295","HH495","42J27909","T042J279090G","FF42J279090G","X","4672993","002","20251216","T3","8","7","","","","ﾃｨｴﾗ","SCMｿｳｺﾆｳｹ","205242","","","","8","3","","","TA0","","","","4","","","","ﾏﾙﾕｳ","","","","","","","TA0","ストッパ","STOPPER","","000","4672993","0.26","2.08","ダイソウ工業株式会社","","","",""
"Y55","1","E820T2","XXXXX","XXX","1295","HH495","42J28627","T042J286270E","FF42J286270E","X","4687871","000","20251216","T3","12","7","","","","ﾃｨｴﾗ","SCMｿｳｺﾆｳｹ","LD0000","A-4300","","","8","0","","","TA0","","","","4","","","","ﾏﾙﾕｳ","","","","","","","TA0","ブラケット","BRACKET","","000","4687871","0.01","0.12","ダイソウ工業株式会社","","","",""
"Y55","1","E820T2","XXXXX","XXX","1295","HH495","42J28629","T042J286290G","FF42J286290G","X","4687871","000","20251216","T3","9","7","","","","ﾃｨｴﾗ","SCMｿｳｺﾆｳｹ","407218","","","","8","0","","","TA0","","","","4","","","","ﾏﾙﾕｳ","","","","","","","TA0","ブラケット","BRACKET","","000","4687871","0.01","0.09","ダイソウ工業株式会社","","","",""
"Y55","1","E820T2","XXXXX","XXX","1295","HH495","42J28634","T042J286340C","FF42J286340C","X","4687871","000","20251216","T3","70","7","","","","ﾃｨｴﾗ","SCMｿｳｺﾆｳｹ","209339","","","","8","0","","","TA0","","","","4","","","","ﾏﾙﾕｳ","","","","","","","TA0","ブラケット","BRACKET","","000","4687871","0.01","0.7","ダイソウ工業株式会社","","","",""
"Y55","1","E820T2","XXXXX","XXX","1295","HH495","42J28639","T042J286390H","FF42J286390H","X","4687871","000","20251216","T3","329","7","","","","ﾃｨｴﾗ","SCMｿｳｺﾆｳｹ","305433","","","","8","0","","","TA0","","","","4","","","","ﾏﾙﾕｳ","","","","","","","TA0","ブラケット","BRACKET","","000","4687871","0.01","3.29","ダイソウ工業株式会社","","","",""
"Y55","1","E820T2","XXXXX","XXX","1295","HH495","42J28644","T042J286440D","FF42J286440D","X","4687871","000","20251216","T3","424","7","","","","ﾃｨｴﾗ","SCMｿｳｺﾆｳｹ","103347","","","","8","0","","","TA0","","","","4","","","","ﾏﾙﾕｳ","","","","","","","TA0","ブラケット","BRACKET","","000","4687871","0.01","4.24","ダイソウ工業株式会社","","","",""
"Y55","1","E820T2","XXXXX","XXX","1295","HH495","42J28860","T042J288600D","FF42J288600D","X","8102883","005","20251217","T3","1","7","","00100010","","ﾃｨｴﾗ","ｼｶﾞﾆｳｹ","MP9000","","","","8","0","","","TA0","","","","4","","","","ﾏﾙﾕｳ","","","","5C0009861840","","","TA0","ブレード","BLADE","","000","8102883_0010-0010","","","ダイソウ工業株式会社","","","",""
"Y55","1","E820T2","XXXXX","XXX","1295","HH495","42J28879","T042J288790N","FF42J288790N","X","8103215","000","20251216","T3","1","7","","","","ﾃｨｴﾗ","KA9593ﾆｳｹ","KA9593","","","","8","0","","","TA0","","","","4","","","","ﾏﾙﾕｳ","","","","","","","TA0","ストッパ","STOPPER","","000","8103215XXXA001","0.1","0.1","ダイソウ工業株式会社","","","",""
"Y55","1","E820T2","XXXXX","XXX","1295","HH495","42J29014","T042J2901405","FF42J2901405","X","8090114","000","20251216","T3","2","7","","","","ﾃｨｴﾗ","KA9593ﾆｳｹ","KA9593","","","","8","0","","","TA0","","","","4","","","","ﾏﾙﾕｳ","","","","","","","TA0","ブラケット","BRACKET","","000","8090114XXXA001","0.61","1.22","ダイソウ工業株式会社","","","",""
"Y55","1","E820T2","XXXXX","XXX","1295","HH495","42J29063","T042J2906309","FF42J2906309","X","8103197","002","20251216","T3","2","7","","","","ﾃｨｴﾗ","KA9593ﾆｳｹ","KA9593","","","","8","0","","","TA0","","","","4","","","","ﾏﾙﾕｳ","","","","","","","TA0","ブラケット","BRACKET","","000","8103197XXXA001","0.21","0.42","ダイソウ工業株式会社","","","",""
"Y55","1","E820T2","XXXXX","XXX","1295","HH495","42J29275","T042J292750E","FF42J292750E","X","7039100","005","20251216","T3","2","7","","","","ﾃｨｴﾗ","KA9593ﾆｳｹ","KA9593","","","","8","0","","","TA0","","","","4","","","","ﾏﾙﾕｳ","","","","","","","TA0","グリル","GRILLE","","000","7039100XXXA002","0.53","1.06","ダイソウ工業株式会社","","","",""
"Y55","1","E820T2","XXXXX","XXX","1295","HH495","42J29328","T042J293280D","FF42J293280D","X","8084658","005","20251216","T3","2","7","","","","ﾃｨｴﾗ","KA9593ﾆｳｹ","KA9593","","","","8","0","","","TA0","","","","4","","","","ﾏﾙﾕｳ","","","","","","","TA0","ストッパ","STOPPER","","000","8084658XXXA001","0.13","0.26","ダイソウ工業株式会社","","","",""
"Y55","1","E820T2","XXXXX","XXX","1295","HH495","42J29357","T042J293570F","FF42J293570F","X","8102890","007","20251217","T3","1","7","","00100010","","ﾃｨｴﾗ","ｼｶﾞﾆｳｹ","MP9000","","","","8","0","","","TA0","","","","4","","","","ﾏﾙﾕｳ","","","","5C0009861842","","","TA0","ブレード","BLADE","","001","8102890_0010-0010","","","ダイソウ工業株式会社","","","",""
"Y55","1","E820T2","XXXXX","XXX","1295","HH495","42J29434","T042J294340B","FF42J294340B","X","8103213","001","20251216","T3","2","7","","","","ﾃｨｴﾗ","KA9593ﾆｳｹ","KA9593","","","","8","3","","","TA0","","","","4","","","","ﾏﾙﾕｳ","","","","","","","TA0","ペダル","PEDAL","","000","8103213XXXA001","0.46","0.92","ダイソウ工業株式会社","","","",""
"Y55","1","E820T2","XXXXX","XXX","1295","HH495","42J29440","T042J2944008","FF42J2944008","X","8103216","001","20251216","T3","1","7","","","","ﾃｨｴﾗ","KA9593ﾆｳｹ","KA9593","","","","8","3","","","TA0","","","","4","","","","ﾏﾙﾕｳ","","","","","","","TA0","ペダル","PEDAL","","000","8103216XXXA001","0.46","0.46","ダイソウ工業株式会社","","","",""
"Y55","1","E820T2","XXXXX","XXX","1295","HH495","42J29717","T042J297170F","FF42J297170F","X","9766876","002","20251216","T3","1","7","","","","ﾃｨｴﾗ","SCMｿｳｺﾆｳｹ","LD0000","N-3400","","","8","0","","","TA0","","","","4","","","","ﾏﾙﾕｳ","","","","","","","TA0","ブラケット","BRACKET","","000","9766876","0.31","0.31","ダイソウ工業株式会社","","","",""
"Y55","1","E820T2","XXXXX","XXX","1295","HH495","42J29755","T042J297550H","FF42J297550H","X","8103212","002","20251216","T3","2","7","","","","ﾃｨｴﾗ","KA9593ﾆｳｹ","KA9593","","","","8","0","","","TA0","","","","4","","","","ﾏﾙﾕｳ","","","","","","","TA0","ストッパ","STOPPER","","000","8103212XXXA001","0.12","0.24","ダイソウ工業株式会社","","","",""
"Y55","1","E820T2","XXXXX","XXX","1295","HH495","42J29760","T042J297600D","FF42J297600D","X","8103214","000","20251216","T3","1","7","","","","ﾃｨｴﾗ","KA9593ﾆｳｹ","KA9593","","","","8","0","","","TA0","","","","4","","","","ﾏﾙﾕｳ","","","","","","","TA0","ブラケット","BRACKET","","000","8103214XXXA001","0.22","0.22","ダイソウ工業株式会社","","","",""
"Y55","1","E820T2","XXXXX","XXX","1295","HH495","42J29887","T042J298870N","FF42J298870N","X","9738322","001","20251216","T3","5","7","","","","ﾃｨｴﾗ","ｼｶﾞﾆｳｹ","W04001","","","","8","0","","","TA0","","","","4","","","","ﾏﾙﾕｳ","","","","","","","TA0","シート；スクリュ","SEAT;SCREW","","001","9738322","0.23","1.15","ダイソウ工業株式会社","","","",""
"Y55","1","E820T2","XXXXX","XXX","1295","HH495","42J30169","T042J3016908","FF42J3016908","X","8102884","005","20251217","T3","1","7","","00100010","","ﾃｨｴﾗ","ｼｶﾞﾆｳｹ","MP9000","","","","8","0","","","TA0","","","","4","","","","ﾏﾙﾕｳ","","","","5C0009861841","","","TA0","ブレード","BLADE","","000","8102884_0010-0010","","","ダイソウ工業株式会社","","","",""
"Y55","1","E820T2","XXXXX","XXX","1295","HH495","42J30229","T042J3022905","FF42J3022905","X","7042491","001","20251216","T3","1","7","","","","ﾃｨｴﾗ","SCMｿｳｺﾆｳｹ","LD0000","A-4100","","","8","0","","","TA0","","","","4","","","","ﾏﾙﾕｳ","","","","","","","TA0","ブラケット","BRACKET","","000","7042491","2.13","2.13","ダイソウ工業株式会社","","","",""
"Y55","1","E820T2","XXXXX","XXX","1295","HH495","42J30248","T042J3024806","FF42J3024806","X","YA00040255","002","20251217","T3","1","7","","00100010","","ﾃｨｴﾗ","ﾐﾅｸﾁｿｳｺﾆｳｹ","560172","","","","8","0","","","TB1","","","","4","","","","ﾏﾙﾕｳ","","","","5C0009858423","","","TB1","カバー","COVER","","004","YA00040255_0010-0010","","","ダイソウ工業株式会社","","","",""
"Y55","1","E820T2","XXXXX","XXX","1295","HH495","42J30430","T042J304300Z","FF42J304300Z","X","9766167","002","20251216","T3","2","7","","","","ﾃｨｴﾗ","SCMｿｳｺﾆｳｹ","LD0000","N-3400","","","8","0","","","TA0","","","","4","","","","ﾏﾙﾕｳ","","","","","","","TA0","ストッパ","STOPPER","","000","9766167","0.16","0.32","ダイソウ工業株式会社","","","",""
"Y55","1","E820T2","XXXXX","XXX","1295","HH495","42J30480","T042J3048004","FF42J3048004","X","9766006","000","20251216","T3","1","7","","","","ﾃｨｴﾗ","KA9593ﾆｳｹ","KA9593","","","","8","0","","","TA0","","","","4","","","","ﾏﾙﾕｳ","","","","","","","TA0","ブラケット","BRACKET","","000","9766006XXXA001","0.15","0.15","ダイソウ工業株式会社","","","",""
"Y55","1","E820T2","XXXXX","XXX","1295","HH495","42J30724","T042J3072405","FF42J3072405","X","9767790","000","20251216","T3","2","7","","","","ﾃｨｴﾗ","SCMｿｳｺﾆｳｹ","206235","","","","8","0","","","TA0","","","","4","","","","ﾏﾙﾕｳ","","","","","","","TA0","ブラケット","BRACKET","","000","9767790","0.06","0.12","ダイソウ工業株式会社","","","",""
"Y55","1","E820T2","XXXXX","XXX","1295","HH495","42J30732","T042J3073204","FF42J3073204","X","9769739","000","20251216","T3","1","7","","","","ﾃｨｴﾗ","SCMｿｳｺﾆｳｹ","LD0000","N-4500","","","8","0","","","TA0","","","","4","","","","ﾏﾙﾕｳ","","","","","","","TA0","ブラケット","BRACKET","","000","9769739","0.31","0.31","ダイソウ工業株式会社","","","",""
"Y55","1","E820T2","XXXXX","XXX","1295","HH495","42J31012","T042J310120W","FF42J310120W","X","YA40030738","001","20251216","T3","3","7","","","","ﾃｨｴﾗ","ﾐﾅｸﾁｿｳｺﾆｳｹ","560210","","","","8","0","","","TB1","","","","4","","","","ﾏﾙﾕｳ","","","","","","","TB1","ブラケット","BRACKET","","000","YA40030738","0.269","0.807","ダイソウ工業株式会社","","","",""
"Y55","1","E820T2","XXXXX","XXX","1295","HH495","42J32436","T042J3243607","FF42J3243607","X","YD00000881","000","20251216","T3","100","7","","","","ﾃｨｴﾗ","SCMｿｳｺﾆｳｹ","104422","","","","8","0","","","TA0","","","","4","","","","ﾏﾙﾕｳ","","","","","","","TA0","ストッパ","STOPPER","","000","YD00000881","0.294","29.4","ダイソウ工業株式会社","","","",""
"Y55","1","E820T2","XXXXX","XXX","1295","HH495","42J32446","T042J3244608","FF42J3244608","X","YD00000881","000","20251216","T3","50","7","","","","ﾃｨｴﾗ","SCMｿｳｺﾆｳｹ","305256","","","","8","0","","","TA0","","","","4","","","","ﾏﾙﾕｳ","","","","","","","TA0","ストッパ","STOPPER","","000","YD00000881","0.294","14.7","ダイソウ工業株式会社","","","",""
"Y55","1","E820T2","XXXXX","XXX","1295","HH495","42J32606","T042J3260606","FF42J3260606","X","YD00000399","000","20251216","T3","100","7","","","","ﾃｨｴﾗ","SCMｿｳｺﾆｳｹ","306466","","","","8","0","","","TA0","","","","4","","","","ﾏﾙﾕｳ","","","","","","","TA0","ストッパ","STOPPER","","000","YD00000399","0.37","37","ダイソウ工業株式会社","","","",""
"Y55","1","E820T2","XXXXX","XXX","1295","HH495","42J32613","T042J3261304","FF42J3261304","X","YD00000399","000","20251216","T3","50","7","","","","ﾃｨｴﾗ","SCMｿｳｺﾆｳｹ","103249","","","","8","0","","","TA0","","","","4","","","","ﾏﾙﾕｳ","","","","","","","TA0","ストッパ","STOPPER","","000","YD00000399","0.37","18.5","ダイソウ工業株式会社","","","",""
"Y55","1","E820T2","XXXXX","XXX","1295","HH495","42J33098","T042J330980C","FF42J330980C","X","YD00002837","001","20251216","T3","22","7","","","","ﾃｨｴﾗ","SCMｿｳｺﾆｳｹ","306305","","","","8","0","","","TA0","","","","4","","","","ﾏﾙﾕｳ","","","","","","","TA0","スペーサ","SPACER","","000","YD00002837","0.44","9.68","ダイソウ工業株式会社","","","",""
"Y55","1","E820T2","XXXXX","XXX","1295","HH495","42J37590","T042J375900D","FF42J375900D","X","YD00013536","000","20251216","T3","2","7","","","","ﾃｨｴﾗ","SCMｿｳｺﾆｳｹ","210337","","","","8","0","","","TA0","","","","4","","","","ﾏﾙﾕｳ","","","","","","","TA0","プレート","PLATE","","000","YD00013536","1.02","2.04","ダイソウ工業株式会社","","","",""
"Y55","1","E820T2","XXXXX","XXX","1295","HH495","42J37971","T042J379710G","FF42J379710G","X","YD00009682","000","20251216","T3","36","7","","","","ﾃｨｴﾗ","SCMｿｳｺﾆｳｹ","309232","","","","8","0","","","TA0","","","","4","","","","ﾏﾙﾕｳ","","","","","","","TA0","ブラケット","BRACKET","","000","YD00009682","0.01","0.36","ダイソウ工業株式会社","","","",""
"Y55","1","E820T2","XXXXX","XXX","1295","HH495","42J37977","T042J379770M","FF42J379770M","X","YD00009682","000","20251216","T3","228","7","","","","ﾃｨｴﾗ","SCMｿｳｺﾆｳｹ","109121","","","","8","0","","","TA0","","","","4","","","","ﾏﾙﾕｳ","","","","","","","TA0","ブラケット","BRACKET","","000","YD00009682","0.01","2.28","ダイソウ工業株式会社","","","",""
"Y55","1","E820T2","XXXXX","XXX","1295","HH495","42J38482","T042J384820E","FF42J384820E","X","YD00011667","000","20251216","T3","96","7","","","","ﾃｨｴﾗ","SCMｿｳｺﾆｳｹ","109449","","","","8","0","","","TA0","","","","4","","","","ﾏﾙﾕｳ","","","","","","","TA0","ストッパ","STOPPER","","000","YD00011667","0.408","39.168","ダイソウ工業株式会社","","","",""
"Y55","1","E820T2","XXXXX","XXX","1295","HH495","42J38898","T042J388980P","FF42J388980P","X","YD40001340","003","20251217","T3","5","7","","00100010","","ﾃｨｴﾗ","ｼｶﾞﾆｳｹ","MP9000","","","","8","0","","","TA0","","","","4","","","","ﾏﾙﾕｳ","","","","5C0009864168","","","TA0","ブレード","BLADE","","001","YD40001340_0010-0010","","","ダイソウ工業株式会社","","","",""
"Y55","1","E820T2","XXXXX","XXX","1295","HH495","42J39008","T042J3900809","FF42J3900809","X","YD00005547","001","20251216","T3","16","7","","","","ﾃｨｴﾗ","SCMｿｳｺﾆｳｹ","105266","","","","8","0","","","TA0","","","","4","","","","ﾏﾙﾕｳ","","","","","","","TA0","ストッパ","STOPPER","","000","YD00005547","0.41","6.56","ダイソウ工業株式会社","","","",""
"Y55","1","E820T2","XXXXX","XXX","1295","HH495","42J39323","T042J3932309","FF42J3932309","X","YD40002682","002","20251216","T3","40","7","","","","ﾃｨｴﾗ","KA9593ﾆｳｹ","KA9593","","","","8","0","","","TA0","","","","4","","","","ﾏﾙﾕｳ","","","","","","","TA0","カバー","COVER","","002","YD40002682A001","3.15","126","ダイソウ工業株式会社","","","",""
"Y55","1","E820T2","XXXXX","XXX","1295","HH495","42J39405","T042J394050A","FF42J394050A","X","YD40001643","001","20251216","T3","1","7","","","","ﾃｨｴﾗ","SCMｿｳｺﾆｳｹ","307350","","","","8","0","","","TA0","","","","4","","","","ﾏﾙﾕｳ","","","","","","","TA0","ブラケット","BRACKET","","000","YD40001643","0.857","0.857","ダイソウ工業株式会社","","","",""
"Y55","1","E820T2","XXXXX","XXX","1295","HH495","42J39867","T042J398670M","FF42J398670M","X","YD40000211","002","20251216","T3","7","7","","","","ﾃｨｴﾗ","SCMｿｳｺﾆｳｹ","LD0000","N-4400","","","8","3","","","TA0","","","","4","","","","ﾏﾙﾕｳ","","","","","","","TA0","ペダル","PEDAL","","000","YD40000211","0.34","2.38","ダイソウ工業株式会社","","","",""
"Y55","1","E820T2","XXXXX","XXX","1295","HH495","42J39992","T042J399920L","FF42J399920L","X","YD40004910","007","20251217","T3","13","7","","00100010","","ﾃｨｴﾗ","SCMｿｳｺﾆｳｹ","109430","","","","8","0","","","TA0","","","","4","","","","ﾏﾙﾕｳ","","","","5C0009859331","","","TA0","ブラケット","BRACKET","","003","YD40004910_0010-0010","","","ダイソウ工業株式会社","","","",""
"Y55","1","E820T2","XXXXX","XXX","1295","HH495","42J40115","T042J4011500","FF42J4011500","X","YD40002199","000","20251217","T3","6","7","","00100010","","ﾃｨｴﾗ","ｼｶﾞﾆｳｹ","MP9000","","","","8","0","","","TA0","","","","4","","","","ﾏﾙﾕｳ","","","","5C0009858883","","","TA0","ブレード","BLADE","","002","YD40002199_0010-0010","","","ダイソウ工業株式会社","","","",""
"Y55","1","E820T2","XXXXX","XXX","1295","HH495","42J40125","T042J4012501","FF42J4012501","X","YD40005032","002","20251216","T3","12","7","","","","ﾃｨｴﾗ","SCMｿｳｺﾆｳｹ","109433","","","","8","0","","","TA0","","","","4","","","","ﾏﾙﾕｳ","","","","","","","TA0","カバー","COVER","","001","YD40005032","0.993","11.916","ダイソウ工業株式会社","","","",""
"Y55","1","E820T2","XXXXX","XXX","1295","HH495","42J40386","T042J403860A","FF42J403860A","X","YD40002154","000","20251216","T3","2","7","","","","ﾃｨｴﾗ","SCMｿｳｺﾆｳｹ","209330","","","","8","0","","","TA0","","","","4","","","","ﾏﾙﾕｳ","","","","","","","TA0","ブラケット","BRACKET","","000","YD40002154","0.08","0.16","ダイソウ工業株式会社","","","",""
"Y55","1","E820T2","XXXXX","XXX","1295","HH495","42J40664","T042J4066409","FF42J4066409","X","YD40006499","002","20251216","T3","2","7","","","","ﾃｨｴﾗ","KA9593ﾆｳｹ","KA9593","","","","8","0","","","TA0","","","","4","","","","ﾏﾙﾕｳ","","","","","","","TA0","ブラケット","BRACKET","","002","YD40006499A001","19","38","ダイソウ工業株式会社","","","",""
"Y55","1","E820T2","XXXXX","XXX","1295","HH495","42J40766","T042J407660C","FF42J407660C","X","YD40006124","000","20251216","T3","3","7","","","","ﾃｨｴﾗ","KA9593ﾆｳｹ","KA9593","","","","8","0","","","TA0","","","","4","","","","ﾏﾙﾕｳ","","","","","","","TA0","ブラケット","BRACKET","","000","YD40006124A001","5.71","17.13","ダイソウ工業株式会社","","","",""
"Y55","1","E820T2","XXXXX","XXX","1295","HH495","42J40769","T042J407690F","FF42J407690F","X","YD40003335","003","20251216","T3","1","7","","","","ﾃｨｴﾗ","KA9593ﾆｳｹ","KA9593","","","","8","0","","","TA0","","","","4","","","","ﾏﾙﾕｳ","","","","","","","TA0","ブラケット","BRACKET","","001","YD40003335A001","5.18","5.18","ダイソウ工業株式会社","","","",""
"Y55","1","E820T2","XXXXX","XXX","1295","HH495","42J40820","T042J4082003","FF42J4082003","X","YD40006842","005","20251216","T3","2","7","","","","ﾃｨｴﾗ","KA9699ﾆｳｹ","KA9699","","","","8","3","","","TA0","","","","4","","","","ﾏﾙﾕｳ","","","","","","","TA0","フロア","FLOOR","","005","YD40006842A001","70.7","141.4","ダイソウ工業株式会社","","","",""
"Y55","1","E820T2","XXXXX","XXX","1295","HH495","42J40826","T042J4082609","FF42J4082609","X","YD40006842","005","20251216","T3","2","7","","","","ﾃｨｴﾗ","KA9699ﾆｳｹ","KA9699","","","","8","3","","","TA0","","","","4","","","","ﾏﾙﾕｳ","","","","","","","TA0","フロア","FLOOR","","005","YD40006842A001","70.7","141.4","ダイソウ工業株式会社","","","",""
"Y55","1","E820T2","XXXXX","XXX","1295","HH495","42J40856","T042J408560C","FF42J408560C","X","YD40002740","000","20251216","T3","2","7","","","","ﾃｨｴﾗ","KA9593ﾆｳｹ","KA9593","","","","8","0","","","TA0","","","","4","","","","ﾏﾙﾕｳ","","","","","","","TA0","ブラケット","BRACKET","","000","YD40002740A001","1.08","2.16","ダイソウ工業株式会社","","","",""
"Y55","1","E820T2","XXXXX","XXX","1295","HH495","42J41013","T042J410130Y","FF42J410130Y","X","YD40004760","000","20251216","T3","2","7","","","","ﾃｨｴﾗ","KA9593ﾆｳｹ","KA9593","","","","8","0","","","TA0","","","","4","","","","ﾏﾙﾕｳ","","","","","","","TA0","ブラケット","BRACKET","","000","YD40004760A001","5.61","11.22","ダイソウ工業株式会社","","","",""
"Y55","1","E820T2","XXXXX","XXX","1295","HH495","42J41056","T042J4105605","FF42J4105605","X","YD40004833","004","20251216","T3","26","7","","","","ﾃｨｴﾗ","KA9515ﾆｳｹ","KA9515","","","","8","0","","","TA0","","","","4","","","","ﾏﾙﾕｳ","","","","","","","TA0","ブラケット","BRACKET","","001","YD40004833","14.1","366.6","ダイソウ工業株式会社","","","",""
"Y55","1","E820T2","XXXXX","XXX","1295","HH495","42J41172","T042J4117204","FF42J4117204","X","YD40006236","001","20251216","T3","22","7","","","","ﾃｨｴﾗ","KA9593ﾆｳｹ","KA9593","","","","8","0","","","TA0","","","","4","","","","ﾏﾙﾕｳ","","","","","","","TA0","カバー","COVER","","001","YD40006236A001","0.824","18.128","ダイソウ工業株式会社","","","",""
"Y55","1","E820T2","XXXXX","XXX","1295","HH495","42J41229","T042J4122907","FF42J4122907","X","YD40007003","003","20251216","T3","2","7","","","","ﾃｨｴﾗ","KA9699ﾆｳｹ","KA9699","","","","8","3","","","TA0","","","","4","","","","ﾏﾙﾕｳ","","","","","","","TA0","フロア","FLOOR","","003","YD40007003A001","69.6","139.2","ダイソウ工業株式会社","","","",""
"Y55","1","E820T2","XXXXX","XXX","1295","HH495","42J41232","T042J4123201","FF42J4123201","X","YD40007003","003","20251216","T3","2","7","","","","ﾃｨｴﾗ","KA9699ﾆｳｹ","KA9699","","","","8","3","","","TA0","","","","4","","","","ﾏﾙﾕｳ","","","","","","","TA0","フロア","FLOOR","","003","YD40007003A001","69.6","139.2","ダイソウ工業株式会社","","","",""
"Y55","1","E820T2","XXXXX","XXX","1295","HH495","42J41278","T042J412780B","FF42J412780B","X","YD40003683","002","20251217","T3","1","7","","00100010","","ﾃｨｴﾗ","ｼｶﾞﾆｳｹ","MP9000","","","","8","0","","","TA0","","","","4","","","","ﾏﾙﾕｳ","","","","5C0009861153","","","TA0","ブレード","BLADE","","002","YD40003683_0010-0010","","","ダイソウ工業株式会社","","","",""
"Y55","1","E820T2","XXXXX","XXX","1295","HH495","42J41284","T042J4128408","FF42J4128408","X","YD40000553","023","20251217","T3","11","7","","00100010","","ﾃｨｴﾗ","ｼｶﾞﾆｳｹ","W01003","","","","8","3","","","TA0","","","","4","","","","ﾏﾙﾕｳ","","","","5C0009863792","","","TA0","プレート１３","BLOCK","","001","YD40000553B913_0010-0010","","","ダイソウ工業株式会社","","","",""
"Y55","1","E820T2","XXXXX","XXX","1295","HH495","42J41285","T042J4128509","FF42J4128509","X","YD40003685","002","20251217","T3","1","7","","00100010","","ﾃｨｴﾗ","ｼｶﾞﾆｳｹ","MP9000","","","","8","3","","","TA0","","","","4","","","","ﾏﾙﾕｳ","","","","5C0009861155","","","TA0","ブレード","BLADE","","001","YD40003685_0010-0010","","","ダイソウ工業株式会社","","","",""
"Y55","1","E820T2","XXXXX","XXX","1295","HH495","42J41288","T042J412880C","FF42J412880C","X","YD40000553","023","20251217","T3","2","7","","00100010","","ﾃｨｴﾗ","SPｼｶﾞﾆｳｹ","W1000S","","","","8","3","","T","TS","","","","4","","","","ﾏﾙﾕｳ","","","","5C0009858241","","","TS2","プレート１３","BLOCK","","001","YD40000553B913_0010-0010","","","ダイソウ工業株式会社","","","",""
"Y55","1","E820T2","XXXXX","XXX","1295","HH495","42J41367","T042J413670A","FF42J413670A","X","YD40000693","005","20251216","T3","11","7","","","","ﾃｨｴﾗ","KA9593ﾆｳｹ","KA9593","","","","8","0","","","TA0","","","","4","","","","ﾏﾙﾕｳ","","","","","","","TA0","カバー","COVER","","002","YD40000693A001","3.48","38.28","ダイソウ工業株式会社","","","",""
"Y55","1","E820T2","XXXXX","XXX","1295","HH495","42J41492","T042J4149209","FF42J4149209","X","YD40006245","006","20251216","T3","26","7","","","","ﾃｨｴﾗ","KA9699ﾆｳｹ","KA9699","","","","8","3","","","TA0","","","","4","","","","ﾏﾙﾕｳ","","","","","","","TA0","フロア","FLOOR","","006","YD40006245A001","70.1","1822.6","ダイソウ工業株式会社","","","",""
"Y55","1","E820T2","XXXXX","XXX","1295","HH495","42J41549","T042J415490C","FF42J415490C","X","YD40006820","002","20251216","T3","5","7","","","","ﾃｨｴﾗ","KA9593ﾆｳｹ","KA9593","","","","8","0","","","TA0","","","","4","","","","ﾏﾙﾕｳ","","","","","","","TA0","カバー","COVER","","001","YD40006820A001","1.09","5.45","ダイソウ工業株式会社","","","",""
"Y55","1","E820T2","XXXXX","XXX","1295","HH495","42J41556","T042J415560A","FF42J415560A","X","YD40006821","003","20251216","T3","1","7","","","","ﾃｨｴﾗ","KA9593ﾆｳｹ","KA9593","","","","8","0","","","TA0","","","","4","","","","ﾏﾙﾕｳ","","","","","","","TA0","カバー","COVER","","003","YD40006821A001","2.97","2.97","ダイソウ工業株式会社","","","",""
"Y55","1","E820T2","XXXXX","XXX","1295","HH495","42J41671","T042J4167108","FF42J4167108","X","YD40001789","009","20251216","T3","8","7","","","","ﾃｨｴﾗ","KA9593ﾆｳｹ","KA9593","","","","8","0","","","TA0","","","","4","","","","ﾏﾙﾕｳ","","","","","","","TA0","ブラケット","BRACKET","","001","YD40001789A001","20","160","ダイソウ工業株式会社","","","",""
"Y55","1","E820T2","XXXXX","XXX","1295","HH495","42J41707","T042J4170708","FF42J4170708","X","YD40006495","004","20251216","T3","3","7","","","","ﾃｨｴﾗ","KA9593ﾆｳｹ","KA9593","","","","8","3","","","TA0","","","","4","","","","ﾏﾙﾕｳ","","","","","","","TA0","ブラケット","BRACKET","","004","YD40006495A001","30.5","91.5","ダイソウ工業株式会社","","","",""
"Y55","1","E820T2","XXXXX","XXX","1295","HH495","42J41798","T042J417980I","FF42J417980I","X","YD40006741","001","20251216","T3","2","7","","","","ﾃｨｴﾗ","SCMｿｳｺﾆｳｹ","210445","","","","8","0","","","TA0","","","","4","","","","ﾏﾙﾕｳ","","","","","","","TA0","ブラケット","BRACKET","","001","YD40006741","0.644","1.288","ダイソウ工業株式会社","","","",""
"Y55","1","E820T2","XXXXX","XXX","1295","HH495","42J41924","T042J4192409","FF42J4192409","X","YD40000479","002","20251216","T3","23","7","","","","ﾃｨｴﾗ","SCMｿｳｺﾆｳｹ","104247","","","","8","0","","","TA0","","","","4","","","","ﾏﾙﾕｳ","","","","","","","TA0","ブラケット","BRACKET","","000","YD40000479","0.14","3.22","ダイソウ工業株式会社","","","",""
"Y55","1","E820T2","XXXXX","XXX","1295","HH495","42J41949","T042J419490G","FF42J419490G","X","YD40002936","003","20251216","T3","4","7","","","","ﾃｨｴﾗ","KA9593ﾆｳｹ","KA9593","","","","8","0","","","TA0","","","","4","","","","ﾏﾙﾕｳ","","","","","","","TA0","カバー","COVER","","001","YD40002936A001","1.77","7.08","ダイソウ工業株式会社","","","",""
"Y55","1","E820T2","XXXXX","XXX","1295","HH495","42J41961","T042J419610A","FF42J419610A","X","YD40007231","002","20251216","T3","1","7","","","","ﾃｨｴﾗ","KA9593ﾆｳｹ","KA9593","","","","8","0","","","TA0","","","","4","","","","ﾏﾙﾕｳ","","","","","","","TA0","スタンド","STAND","","002","YD40007231A001","22.48","22.48","ダイソウ工業株式会社","","","",""
"Y55","1","E820T2","XXXXX","XXX","1295","HH495","42J41976","T042J419760G","FF42J419760G","X","YD40002876","000","20251216","T3","18","7","","","","ﾃｨｴﾗ","KA9515ﾆｳｹ","KA9515","","","","8","0","","","TA0","","","","4","","","","ﾏﾙﾕｳ","","","","","","","TA0","ブラケット","BRACKET","","000","YD40002876A001","16.13","290.34","ダイソウ工業株式会社","","","",""
"Y55","1","E820T2","XXXXX","XXX","1295","HH495","42J42383","T042J4238309","FF42J4238309","X","YD40004834","003","20251216","T3","1","7","","","","ﾃｨｴﾗ","KA9515ﾆｳｹ","KA9515","","","","8","0","","","TA0","","","","4","","","","ﾏﾙﾕｳ","","","","","","","TA0","ブラケット","BRACKET","","001","YD40004834","14.8","14.8","ダイソウ工業株式会社","","","",""
"Y55","1","E820T2","XXXXX","XXX","1295","HH495","42J42508","T042J4250808","FF42J4250808","X","YD40001881","000","20251216","T3","2","7","","","","ﾃｨｴﾗ","KA9593ﾆｳｹ","KA9593","","","","8","0","","","TA0","","","","4","","","","ﾏﾙﾕｳ","","","","","","","TA0","ボックス","BOX","","000","YD40001881A001","21.1","42.2","ダイソウ工業株式会社","","","",""
"Y55","1","E820T2","XXXXX","XXX","1295","HH495","42J42514","T042J4251405","FF42J4251405","X","YD40005033","001","20251216","T3","12","7","","","","ﾃｨｴﾗ","SCMｿｳｺﾆｳｹ","109225","","","","8","0","","","TA0","","","","4","","","","ﾏﾙﾕｳ","","","","","","","TA0","カバー","COVER","","000","YD40005033","0.452","5.424","ダイソウ工業株式会社","","","",""
"Y55","1","E820T2","XXXXX","XXX","1295","HH495","42J42625","T042J4262508","FF42J4262508","X","YD40002293","002","20251216","T3","1","7","","","","ﾃｨｴﾗ","KA9593ﾆｳｹ","KA9593","","","","8","0","","","TA0","","","","4","","","","ﾏﾙﾕｳ","","","","","","","TA0","ダクト；ヒータ","DUCT;HEATER","","000","YD40002293A001","2.1","2.1","ダイソウ工業株式会社","","","",""
"Y55","1","E820T2","XXXXX","XXX","1295","HH495","42J42721","T042J4272105","FF42J4272105","X","YD40002457","004","20251217","T3","5","7","","00100010","","ﾃｨｴﾗ","ｼｶﾞﾆｳｹ","MP9000","","","","8","3","","","TA0","","","","4","","","","ﾏﾙﾕｳ","","","","5C0009858905","","","TA0","ブレード","BLADE","","000","YD40002457_0010-0010","","","ダイソウ工業株式会社","","","",""
"Y55","1","E820T2","XXXXX","XXX","1295","HH495","42J42730","T042J4273005","FF42J4273005","X","YD40002458","004","20251217","T3","5","7","","00100010","","ﾃｨｴﾗ","ｼｶﾞﾆｳｹ","MP9000","","","","8","3","","","TA0","","","","4","","","","ﾏﾙﾕｳ","","","","5C0009858906","","","TA0","ブレード","BLADE","","000","YD40002458_0010-0010","","","ダイソウ工業株式会社","","","",""
"Y55","1","E820T2","XXXXX","XXX","1295","HH495","42J42778","T042J427780H","FF42J427780H","X","YD40002974","004","20251216","T3","1","7","","","","ﾃｨｴﾗ","KA9593ﾆｳｹ","KA9593","","","","8","0","","","TA0","","","","4","","","","ﾏﾙﾕｳ","","","","","","","TA0","カバー","COVER","","000","YD40002974A001","9.11","9.11","ダイソウ工業株式会社","","","",""
"Y55","1","E820T2","XXXXX","XXX","1295","HH495","42J43035","T042J4303504","FF42J4303504","X","YD60009848","004","20251217","T3","1","7","","00100010","","ﾃｨｴﾗ","ｼｶﾞﾆｳｹ","MP9000","","","","8","0","","","TA0","","","","4","","","","ﾏﾙﾕｳ","","","","5C0009864580","","","TA0","タンク；オイル","TANK;OIL","002","005","YD60009848A002_0010-0010","","","ダイソウ工業株式会社","","","",""
"Y55","1","E820T2","XXXXX","XXX","1295","HH495","42J43181","T042J4318106","FF42J4318106","X","YD40003684","002","20251217","T3","1","7","","00100010","","ﾃｨｴﾗ","ｼｶﾞﾆｳｹ","MP9000","","","","8","3","","","TA0","","","","4","","","","ﾏﾙﾕｳ","","","","5C0009861154","","","TA0","ブレード","BLADE","","001","YD40003684_0010-0010","","","ダイソウ工業株式会社","","","",""
"Y55","1","E820T2","XXXXX","XXX","1295","HH495","42J43412","T042J4341203","FF42J4341203","X","YD40007287","003","20251216","T3","1","7","","","","ﾃｨｴﾗ","KA9593ﾆｳｹ","KA9593","","","","8","0","","","TA0","","","","4","","","","ﾏﾙﾕｳ","","","","","","","TA0","スタンド","STAND","","003","YD40007287A001","11.9","11.9","ダイソウ工業株式会社","","","",""
"Y55","1","E820T2","XXXXX","XXX","1295","HH495","42J43609","T042J436090B","FF42J436090B","X","YD40006851","003","20251216","T3","4","7","","","","ﾃｨｴﾗ","KA9593ﾆｳｹ","KA9593","","","","8","0","","","TA0","","","","4","","","","ﾏﾙﾕｳ","","","","","","","TA0","カバー","COVER","","003","YD40006851A001","2.96","11.84","ダイソウ工業株式会社","","","",""
"Y55","1","E820T2","XXXXX","XXX","1295","HH495","42J43996","T042J439960K","FF42J439960K","X","YD40006630","003","20251216","T3","2","7","","","","ﾃｨｴﾗ","KA9699ﾆｳｹ","KA9699","","","","8","3","","","TA0","","","","4","","","","ﾏﾙﾕｳ","","","","","","","TA0","フロア","FLOOR","","003","YD40006630A001","70.2","140.4","ダイソウ工業株式会社","","","",""
"Y55","1","E820T2","XXXXX","XXX","1295","HH495","42J43999","T042J439990N","FF42J439990N","X","YD40006630","003","20251216","T3","2","7","","","","ﾃｨｴﾗ","KA9699ﾆｳｹ","KA9699","","","","8","3","","","TA0","","","","4","","","","ﾏﾙﾕｳ","","","","","","","TA0","フロア","FLOOR","","003","YD40006630A001","70.2","140.4","ダイソウ工業株式会社","","","",""
"Y55","1","E820T2","XXXXX","XXX","1295","HH495","42J44004","T042J4400401","FF42J4400401","X","YD40006630","003","20251216","T3","2","7","","","","ﾃｨｴﾗ","KA9699ﾆｳｹ","KA9699","","","","8","3","","","TA0","","","","4","","","","ﾏﾙﾕｳ","","","","","","","TA0","フロア","FLOOR","","003","YD40006630A001","70.2","140.4","ダイソウ工業株式会社","","","",""
"Y55","1","E820T2","XXXXX","XXX","1295","HH495","42J44009","T042J4400906","FF42J4400906","X","YD40006630","003","20251216","T3","2","7","","","","ﾃｨｴﾗ","KA9699ﾆｳｹ","KA9699","","","","8","3","","","TA0","","","","4","","","","ﾏﾙﾕｳ","","","","","","","TA0","フロア","FLOOR","","003","YD40006630A001","70.2","140.4","ダイソウ工業株式会社","","","",""
"Y55","1","E820T2","XXXXX","XXX","1295","HH495","42J44011","T042J440110Z","FF42J440110Z","X","YD40006630","003","20251216","T3","2","7","","","","ﾃｨｴﾗ","KA9699ﾆｳｹ","KA9699","","","","8","3","","","TA0","","","","4","","","","ﾏﾙﾕｳ","","","","","","","TA0","フロア","FLOOR","","003","YD40006630A001","70.2","140.4","ダイソウ工業株式会社","","","",""
"Y55","1","E820T2","XXXXX","XXX","1295","HH495","42J44017","T042J4401705","FF42J4401705","X","YD40006630","003","20251216","T3","2","7","","","","ﾃｨｴﾗ","KA9699ﾆｳｹ","KA9699","","","","8","3","","","TA0","","","","4","","","","ﾏﾙﾕｳ","","","","","","","TA0","フロア","FLOOR","","003","YD40006630A001","70.2","140.4","ダイソウ工業株式会社","","","",""
"Y55","1","E820T2","XXXXX","XXX","1295","HH495","42J44020","T042J440200Z","FF42J440200Z","X","YD40006630","003","20251216","T3","2","7","","","","ﾃｨｴﾗ","KA9699ﾆｳｹ","KA9699","","","","8","3","","","TA0","","","","4","","","","ﾏﾙﾕｳ","","","","","","","TA0","フロア","FLOOR","","003","YD40006630A001","70.2","140.4","ダイソウ工業株式会社","","","",""
"Y55","1","E820T2","XXXXX","XXX","1295","HH495","42J44378","T042J443780F","FF42J443780F","X","YD40008387","000","20251216","T3","1","7","","","","ﾃｨｴﾗ","KA9593ﾆｳｹ","KA9593","","","","8","3","","","TA0","","","","4","","","","ﾏﾙﾕｳ","","","","","","","TA0","ブラケット","BRACKET","","000","YD40008387A001","29.1","29.1","ダイソウ工業株式会社","","","",""
"Y55","1","E820T2","XXXXX","XXX","1295","HH495","42J44434","T042J4443408","FF42J4443408","X","YD60000441","003","20251217","T3","12","7","","00100010","","ﾃｨｴﾗ","ｼｶﾞﾆｳｹ","MP9000","","","","8","0","","","TA0","","","","4","","","","ﾏﾙﾕｳ","","","","5C0009864563","","","TA0","タンク；オイル","TANK;OIL","004","003","YD60000441A002_0010-0010","","","ダイソウ工業株式会社","","","",""
"Y55","1","E820T2","XXXXX","XXX","1295","HH495","42J44604","T042J4460407","FF42J4460407","X","YD60009874","002","20251217","T3","1","7","","00100010","","ﾃｨｴﾗ","ｼｶﾞﾆｳｹ","MP9000","","","","8","0","","","TA0","","","","4","","","","ﾏﾙﾕｳ","","","","5C0009864581","","","TA0","タンク；オイル（Ｋ）","TANK;OIL(K)","002","002","YD60009874A002_0010-0010","","","ダイソウ工業株式会社","","","",""
"Y55","1","E820T2","XXXXX","XXX","1295","HH495","42J44959","T042J449590K","FF42J449590K","X","YD60008491","005","20251217","T3","6","7","","00100010","","ﾃｨｴﾗ","ｼｶﾞﾆｳｹ","MP9000","","","","8","0","","","TA0","","","","4","","","","ﾏﾙﾕｳ","","","","5C0009864577","","","TA0","タンク；オイル","TANK;OIL","005","012","YD60008491A002_0010-0010","","","ダイソウ工業株式会社","","","",""
"Y55","1","E820T2","XXXXX","XXX","1295","HH495","42J44962","T042J449620E","FF42J449620E","X","YD60008491","005","20251217","T3","6","7","","00100010","","ﾃｨｴﾗ","ｼｶﾞﾆｳｹ","MP9000","","","","8","0","","","TA0","","","","4","","","","ﾏﾙﾕｳ","","","","5C0009864578","","","TA0","タンク；オイル","TANK;OIL","005","012","YD60008491A002_0010-0010","","","ダイソウ工業株式会社","","","",""
"Y55","1","E820T2","XXXXX","XXX","1295","HH495","42J45022","T042J4502202","FF42J4502202","X","YD60011305","001","20251217","T3","1","7","","00100010","","ﾃｨｴﾗ","ｼｶﾞﾆｳｹ","MP9000","","","","8","0","","","TA0","","","","4","","","","ﾏﾙﾕｳ","","","","5C0009864588","","","TA0","タンク；オイル","TANK;OIL","001","002","YD60011305A002_0010-0010","","","ダイソウ工業株式会社","","","",""
