品番,品名規格,部品番号,構成品番,部品番号_整形,階層レベル,親部品番号,積算親数,積算自数,積算LT
YD60000441,ﾀﾝｸ;ｵｲﾙ ｷﾞｿｳ,6Tﾀﾝｸｷﾞｿｳ,YD60000441,YD60000441,0,,1,1,2
YD60000441,ﾀﾝｸ;ｵｲﾙ ｷﾞｿｳ,6Tﾀﾝｸｷﾞｿｳ,YD60000441,YD60000441,0,,1,1,2
YD60000441,Oﾘﾝｸﾞ 1AG160,ZZX70-3/85USB-3 ｵｲﾙﾀﾝｸ, HA810160,HA810160,1,YD60000441,1,1,2
YD60000441,Oﾘﾝｸﾞ D144XW4.0 ﾕｳｼｮｳｼｷｭｳ,095ﾀﾝｸ ｷﾞｿｳﾌﾞﾋﾝ,4621929,4621929,1,YD60000441,1,1,2
YD60000441,ﾎﾞﾙﾄ;ｾﾑｽ ﾕｳｼｮｳｼｷｭｳ,6T/17U-5/19-6ｵｲﾙﾀﾝｸ, HJ260820990,HJ260820990,1,YD60000441,1,4,3
YD60000441,ﾌﾟﾗｸﾞ,ZX70-3/85USB-3 ｵｲﾙﾀﾝｸ, HA885004,HA885004,1,YD60000441,1,1,2
YD60000441,ｷｬｯﾌﾟSC0.187X1-1/2,6Mｵｲﾙﾀﾝｸ,89980002165,89980002165,1,YD60000441,1,1,2
YD60000441,ｷｬｯﾌﾟSCM34.0X38.0,ZX70-3/ZX85USB-3 ｵｲﾙﾀﾝｸ,89980002175,89980002175,1,YD60000441,1,1,2
YD60000441,ｷｬｯﾌﾟSCM2.250X1-1/2IL,ZX70-3/ZX85USB-3 ｵｲﾙﾀﾝｸ,89980002179,89980002179,1,YD60000441,1,1,2
YD60000441,ｼｰﾙﾜｯｼｬ,9289307, Z449558,Z449558,1,YD60000441,1,2,3
YD60000441,ﾀﾝｸ;ｵｲﾙ ｾｲｶﾝ,095, YD40000608,YD40000608,1,YD60000441,1,1,3
YD60000441,ﾀﾝｸ;ｵｲﾙ ｾｲｶﾝ,095, YD40000608,YD40000608,1,YD60000441,1,1,2
YD60000441,ﾀﾝｸ;ｵｲﾙ ｾｲｶﾝ,095, YD40000608,YD40000608,1,YD60000441,1,1,2
YD60000441,ﾀﾝｸ;ｵｲﾙ ｾｲｶﾝ,095, YD40000608,YD40000608,1,YD60000441,1,1,2
YD60000441,ｵｲﾙﾀﾝｸｰ00SUB,095,  YD40000608-00SUB,YD40000608-00SUB,2,YD40000608,1,1,6
YD60000441,ｵｲﾙﾀﾝｸ,YD40000608-00)(095ﾀﾝｸ,   YD40000608-00,YD40000608-00,3,YD40000608-00SUB,1,1,9
YD60000441,ｵｲﾙﾀﾝｸ,YD40000608-00)(095ﾀﾝｸ,   YD40000608-00,YD40000608-00,3,YD40000608-00SUB,1,1,8
YD60000441,HC4.5X1219X1219,,    HC4.5X1219X1219,HC4.5X1219X1219,4,YD40000608-00,1,1,11
YD60000441,ｵｲﾙﾀﾝｸ,095ﾀﾝｸ,   YD40000608-02,YD40000608-02,3,YD40000608-00SUB,1,1,8
YD60000441,HC3.2X1219X1219,,    HC3.2X1219X1219,HC3.2X1219X1219,4,YD40000608-02,1,1,9
YD60000441,ﾊﾟｲﾌﾟ,095ﾀﾝｸ  (LT6 +0),   YD40000608-05,YD40000608-05,3,YD40000608-00SUB,1,1,7
YD60000441,ｶﾊﾞｰ,095ｵｲﾙﾀﾝｸ,4273198,4273198,3,YD40000608-00SUB,1,1,9
YD60000441,SPCC 2.3X164XT,4273198 ｶﾊﾞｰ,    H2.3X164XT,H2.3X164XT,4,4273198,1,1,12
YD60000441,ﾊﾟｲﾌﾟ(TP139.8X2.1),6Tｵｲﾙﾀﾝｸ,   YD40000608-15,YD40000608-15,3,YD40000608-00SUB,1,1,7
YD60000441,SPHC-P t2.3X442.0X408.0,YD40000608-15,    Z2.3X442.0X408.0,Z2.3X442.0X408.0,4,YD40000608-15,1,1,10
YD60000441,M10XP1.5 ｱｼﾅｼNUT,4137294,4137294,4137294,3,YD40000608-00SUB,1,2,8
YD60000441,ｵｲﾙﾀﾝｸ,YD40000608-01(095ﾀﾝｸ),  YD40000608-01,YD40000608-01,2,YD40000608,1,1,8
YD60000441,ｵｲﾙﾀﾝｸ,YD40000608-01(095ﾀﾝｸ),  YD40000608-01,YD40000608-01,2,YD40000608,1,1,7
YD60000441,HC4.5X1219X1219,,   HC4.5X1219X1219,HC4.5X1219X1219,3,YD40000608-01,1,1,11
YD60000441,ｵｲﾙﾀﾝｸ,095ﾀﾝｸ,  YD40000608-04S,YD40000608-04S,2,YD40000608,1,1,7
YD60000441,ﾌﾞﾗｹｯﾄ,095ﾀﾝｸ,   YD40000608-04,YD40000608-04,3,YD40000608-04S,1,1,9
YD60000441,HC3.2X1219X1219,,    HC3.2X1219X1219,HC3.2X1219X1219,4,YD40000608-04,1,1,10
YD60000441,M10XP1.5NUT,,   M650010,M650010,3,YD40000608-04S,1,2,9
YD60000441,ﾌﾟﾚｰﾄ,095ﾀﾝｸ,  YD40000608-06,YD40000608-06,2,YD40000608,1,1,7
YD60000441,HC4.5X1219X1219,,   HC4.5X1219X1219,HC4.5X1219X1219,3,YD40000608-06,1,1,8
YD60000441,ﾌﾗﾝｼﾞ,ZX70U-3/85USB-3 ｵｲﾙﾀﾝｸ,8049310,8049310,2,YD40000608,1,1,6
YD60000441,ﾌﾗﾝｼﾞ,ZX70-3/85USB-3 ｵｲﾙﾀﾝｸ,   8049310-00,8049310-00,3,8049310,1,1,10
YD60000441,SPHC-P 4.5X235XT,8049310-00 ﾌﾗﾝｼﾞ,    H4.5X235XT,H4.5X235XT,4,8049310-00,1,1,13
YD60000441,M10XP1.5 4ｶｸNUT,M650310,   P1.5X14X8X10,P1.5X14X8X10,3,8049310,1,6,9
YD60000441,ﾊﾟｲﾌﾟ,095ﾀﾝｸ,  YD40000607,YD40000607,2,YD40000608,1,1,6
YD60000441,ﾊﾟｲﾌﾟ,095,   YD40000607-00,YD40000607-00,3,YD40000607,1,1,9
YD60000441,ﾊﾟｲﾌﾟ,095,   YD40000607-01,YD40000607-01,3,YD40000607,1,1,9
YD60000441,ﾌﾟﾚｰﾄ,095ﾀﾝｸ,  YD40000608-10,YD40000608-10,2,YD40000608,1,1,8
YD60000441,ﾌﾟﾚｰﾄ,095ﾀﾝｸ,  YD40000608-10,YD40000608-10,2,YD40000608,1,1,7
YD60000441,HC4.5X1219X1219,,   HC4.5X1219X1219,HC4.5X1219X1219,3,YD40000608-10,1,1,9
YD60000441,ﾌﾗﾝｼﾞ,095ｵｲﾙﾀﾝｸ,8093111,8093111,2,YD40000608,1,1,6
YD60000441,ﾌﾗﾝｼﾞ,095ｵｲﾙﾀﾝｸ,   8093111-00,8093111-00,3,8093111,1,1,10
YD60000441,M10XP1.5 4ｶｸNUT,M650310,   P1.5X14X8X10,P1.5X14X8X10,3,8093111,1,4,9
YD60000441,ｸﾗﾝﾌﾟ ﾕｳｼｮｳｼｷｭｳ,ZX30UR/ZX40UR,4446513,4446513,2,YD40000608,1,3,9
YD60000441,ｼｰﾄ;ｽｸﾘｭ,095ﾀﾝｸ,4720208,4720208,2,YD40000608,1,1,6
YD60000441,ﾌﾟﾚｰﾄ T-65-5,6T ｵｲﾙﾀﾝｸ,  YD40000608-13,YD40000608-13,2,YD40000608,1,2,6
YD60000441,HC6X1219X1219,,   HC6X1219X1219,HC6X1219X1219,3,YD40000608-13,1,2,6
YD60000441,ﾌﾞﾗｹｯﾄ,095ﾀﾝｸ,  YD40000608-16,YD40000608-16,2,YD40000608,1,1,8
YD60000441,ﾌﾞﾗｹｯﾄ,095ﾀﾝｸ,  YD40000608-16,YD40000608-16,2,YD40000608,1,1,7
YD60000441,HC3.2X1219X1219,,   HC3.2X1219X1219,HC3.2X1219X1219,3,YD40000608-16,1,1,9
YD60000441,ｿｹｯﾄ,095ﾀﾝｸ,4615712,4615712,2,YD40000608,1,1,6
YD60000441,ｼｰﾄｽｸﾘｭ,,  9733476S,9733476S,2,YD40000608,1,2,7
YD60000441,ｼｰﾄｽｸﾘｭｰ B ◆ｼｬﾅｲﾖｳ,EX60-2 7024092-06,9733476,9733476,3,9733476S,1,2,9
YD60000441,M10XP1.5 ﾄｸNUT,,4222008,4222008,3,9733476S,1,2,9
YD60000441,M10XP1.5 ｱｼﾅｼNUT,4137294,4137294,4137294,2,YD40000608,1,2,7
YD60000441,ｵｲﾙﾀﾝｸ,095ﾀﾝｸ,  YD40000608-20S,YD40000608-20S,2,YD40000608,1,1,7
YD60000441,ﾌﾞﾗｹｯﾄ,095ﾀﾝｸ,   YD40000608-20,YD40000608-20,3,YD40000608-20S,1,1,8
YD60000441,HC3.2X1219X1219,,    HC3.2X1219X1219,HC3.2X1219X1219,4,YD40000608-20,1,1,9
YD60000441,M10XP1.5NUT,,   M650010,M650010,3,YD40000608-20S,1,2,8
YD60000441,"ﾏｽｷﾝｸﾞｷｬｯﾌﾟSC0.343×1""IL",6T/17U-5/19-6 ｵｲﾙﾀﾝｸ,89980002449,89980002449,1,YD60000441,1,2,2
YD60000441,ﾛｯｶｸﾎﾞﾙﾄ(ﾜｯｼｬｰ),ZX70-3/85USB-3 ｵｲﾙﾀﾝｸ, J271025,J271025,1,YD60000441,1,6,2
YD60000441,ﾛｯｶｸﾎﾞﾙﾄ,M10X16, M10X16,M10X16,1,YD60000441,1,2,3
YD60000441,無償支給部品用ﾏｽﾀ,ｵｲﾙﾀﾝｸ_6T, YD60000441_M,YD60000441_M,1,YD60000441,1,1,2
YD60000441,VALVE BYPASS VALVE ■ﾑｼｮｳｼｷｭｳ,095ﾀﾝｸ ｷﾞｿｳﾌﾞﾋﾝ,4094438,4094438,2,YD60000441_M,1,1,4
YD60000441,SPRING_FILTER_RETURN■ﾑｼｮｳｼｷｭｳ,095ﾀﾝｸ ｷﾞｿｳﾌﾞﾋﾝ,4094439,4094439,2,YD60000441_M,1,1,4
YD60000441,ELEMENT_FILTER_FULLFLOW ■ﾑｼｮｳ,095ﾀﾝｸ ｷﾞｿｳﾌﾞﾋﾝ,4129280,4129280,2,YD60000441_M,1,1,4
YD60000441,FILTER_SUCTION ■ﾑｼｮｳｼｷｭｳ,095ﾀﾝｸ ｷﾞｿｳﾌﾞﾋﾝ,4667855,4667855,2,YD60000441_M,1,1,4
YD60000441,COVER_TANK_OIL ■ﾑｼｮｳｼｷｭｳ,095ﾀﾝｸ ｷﾞｿｳﾌﾞﾋﾝ,8091858,8091858,2,YD60000441_M,1,1,4
YD60000441,ｴﾙﾎﾞ ■ﾑｼｮｳｼｷｭｳ,095ｵｲﾙﾀﾝｸ,  A852332,A852332,2,YD60000441_M,1,2,6
YD60000441,ｴﾙﾎﾞ ■ﾑｼｮｳｼｷｭｳ,095ｵｲﾙﾀﾝｸ,  A852333,A852333,2,YD60000441_M,1,3,6
YD60000441,COVER_TANK_OIL_SUCTION■ﾑｼｮｳｼｷ,095ﾀﾝｸ,  YD40000606,YD40000606,2,YD60000441_M,1,1,4
